image_id,width,height,aspect_ratio,area,num_annotations
0,640,640,1.0,409600,2
1,640,640,1.0,409600,1
2,640,640,1.0,409600,3
3,640,640,1.0,409600,3
4,640,640,1.0,409600,2
5,640,640,1.0,409600,2
6,640,640,1.0,409600,3
7,640,640,1.0,409600,2
8,640,640,1.0,409600,1
9,640,640,1.0,409600,2
10,640,640,1.0,409600,2
11,640,640,1.0,409600,22
12,640,640,1.0,409600,3
13,640,640,1.0,409600,2
14,640,640,1.0,409600,1
15,640,640,1.0,409600,4
16,640,640,1.0,409600,1
17,640,640,1.0,409600,3
18,640,640,1.0,409600,1
19,640,640,1.0,409600,4
20,640,640,1.0,409600,3
21,640,640,1.0,409600,1
22,640,640,1.0,409600,4
23,640,640,1.0,409600,1
24,640,640,1.0,409600,2
25,640,640,1.0,409600,6
26,640,640,1.0,409600,1
27,640,640,1.0,409600,1
28,640,640,1.0,409600,3
29,640,640,1.0,409600,1
30,640,640,1.0,409600,1
31,640,640,1.0,409600,2
32,640,640,1.0,409600,3
33,640,640,1.0,409600,1
34,640,640,1.0,409600,2
35,640,640,1.0,409600,2
36,640,640,1.0,409600,1
37,640,640,1.0,409600,2
38,640,640,1.0,409600,1
39,640,640,1.0,409600,2
40,640,640,1.0,409600,1
41,640,640,1.0,409600,5
42,640,640,1.0,409600,1
43,640,640,1.0,409600,1
44,640,640,1.0,409600,1
45,640,640,1.0,409600,2
46,640,640,1.0,409600,3
47,640,640,1.0,409600,3
48,640,640,1.0,409600,1
49,640,640,1.0,409600,5
50,640,640,1.0,409600,1
51,640,640,1.0,409600,1
52,640,640,1.0,409600,4
53,640,640,1.0,409600,7
54,640,640,1.0,409600,2
55,640,640,1.0,409600,1
56,640,640,1.0,409600,1
57,640,640,1.0,409600,1
58,640,640,1.0,409600,1
59,640,640,1.0,409600,1
60,640,640,1.0,409600,1
61,640,640,1.0,409600,2
62,640,640,1.0,409600,1
63,640,640,1.0,409600,1
64,640,640,1.0,409600,1
65,640,640,1.0,409600,1
66,640,640,1.0,409600,1
67,640,640,1.0,409600,1
68,640,640,1.0,409600,1
69,640,640,1.0,409600,2
70,640,640,1.0,409600,2
71,640,640,1.0,409600,1
72,640,640,1.0,409600,1
73,640,640,1.0,409600,1
74,640,640,1.0,409600,1
75,640,640,1.0,409600,1
76,640,640,1.0,409600,5
77,640,640,1.0,409600,1
78,640,640,1.0,409600,1
79,640,640,1.0,409600,5
80,640,640,1.0,409600,2
81,640,640,1.0,409600,3
82,640,640,1.0,409600,1
83,640,640,1.0,409600,2
84,640,640,1.0,409600,5
85,640,640,1.0,409600,4
86,640,640,1.0,409600,2
87,640,640,1.0,409600,1
88,640,640,1.0,409600,1
89,640,640,1.0,409600,1
90,640,640,1.0,409600,1
91,640,640,1.0,409600,4
92,640,640,1.0,409600,2
93,640,640,1.0,409600,17
94,640,640,1.0,409600,2
95,640,640,1.0,409600,5
96,640,640,1.0,409600,2
97,640,640,1.0,409600,1
98,640,640,1.0,409600,2
99,640,640,1.0,409600,3
100,640,640,1.0,409600,3
101,640,640,1.0,409600,2
102,640,640,1.0,409600,1
103,640,640,1.0,409600,1
104,640,640,1.0,409600,1
105,640,640,1.0,409600,2
106,640,640,1.0,409600,1
107,640,640,1.0,409600,1
108,640,640,1.0,409600,1
109,640,640,1.0,409600,2
110,640,640,1.0,409600,1
111,640,640,1.0,409600,1
112,640,640,1.0,409600,6
113,640,640,1.0,409600,1
114,640,640,1.0,409600,1
115,640,640,1.0,409600,2
116,640,640,1.0,409600,1
117,640,640,1.0,409600,2
118,640,640,1.0,409600,1
119,640,640,1.0,409600,1
120,640,640,1.0,409600,1
121,640,640,1.0,409600,1
122,640,640,1.0,409600,1
123,640,640,1.0,409600,1
124,640,640,1.0,409600,1
125,640,640,1.0,409600,1
126,640,640,1.0,409600,1
127,640,640,1.0,409600,4
128,640,640,1.0,409600,2
129,640,640,1.0,409600,1
130,640,640,1.0,409600,1
131,640,640,1.0,409600,1
132,640,640,1.0,409600,4
133,640,640,1.0,409600,1
134,640,640,1.0,409600,2
135,640,640,1.0,409600,4
136,640,640,1.0,409600,4
137,640,640,1.0,409600,1
138,640,640,1.0,409600,1
139,640,640,1.0,409600,1
140,640,640,1.0,409600,3
141,640,640,1.0,409600,2
142,640,640,1.0,409600,1
143,640,640,1.0,409600,1
144,640,640,1.0,409600,1
145,640,640,1.0,409600,1
146,640,640,1.0,409600,1
147,640,640,1.0,409600,1
148,640,640,1.0,409600,3
149,640,640,1.0,409600,1
150,640,640,1.0,409600,1
151,640,640,1.0,409600,1
152,640,640,1.0,409600,1
153,640,640,1.0,409600,2
154,640,640,1.0,409600,3
155,640,640,1.0,409600,3
156,640,640,1.0,409600,1
157,640,640,1.0,409600,4
158,640,640,1.0,409600,3
159,640,640,1.0,409600,1
160,640,640,1.0,409600,2
161,640,640,1.0,409600,1
162,640,640,1.0,409600,1
163,640,640,1.0,409600,1
164,640,640,1.0,409600,1
165,640,640,1.0,409600,1
166,640,640,1.0,409600,1
167,640,640,1.0,409600,1
168,640,640,1.0,409600,1
169,640,640,1.0,409600,5
170,640,640,1.0,409600,4
171,640,640,1.0,409600,1
172,640,640,1.0,409600,2
173,640,640,1.0,409600,3
174,640,640,1.0,409600,1
175,640,640,1.0,409600,1
176,640,640,1.0,409600,1
177,640,640,1.0,409600,1
178,640,640,1.0,409600,7
179,640,640,1.0,409600,4
180,640,640,1.0,409600,1
181,640,640,1.0,409600,2
182,640,640,1.0,409600,1
183,640,640,1.0,409600,1
184,640,640,1.0,409600,1
185,640,640,1.0,409600,1
186,640,640,1.0,409600,1
187,640,640,1.0,409600,1
188,640,640,1.0,409600,1
189,640,640,1.0,409600,6
190,640,640,1.0,409600,3
191,640,640,1.0,409600,2
192,640,640,1.0,409600,1
193,640,640,1.0,409600,3
194,640,640,1.0,409600,1
195,640,640,1.0,409600,1
196,640,640,1.0,409600,2
197,640,640,1.0,409600,1
198,640,640,1.0,409600,1
199,640,640,1.0,409600,3
200,640,640,1.0,409600,1
201,640,640,1.0,409600,1
202,640,640,1.0,409600,4
203,640,640,1.0,409600,1
204,640,640,1.0,409600,1
205,640,640,1.0,409600,1
206,640,640,1.0,409600,1
207,640,640,1.0,409600,1
208,640,640,1.0,409600,2
209,640,640,1.0,409600,1
210,640,640,1.0,409600,1
211,640,640,1.0,409600,1
212,640,640,1.0,409600,1
213,640,640,1.0,409600,1
214,640,640,1.0,409600,1
215,640,640,1.0,409600,1
216,640,640,1.0,409600,1
217,640,640,1.0,409600,3
218,640,640,1.0,409600,2
219,640,640,1.0,409600,2
220,640,640,1.0,409600,1
221,640,640,1.0,409600,6
222,640,640,1.0,409600,2
223,640,640,1.0,409600,3
224,640,640,1.0,409600,2
225,640,640,1.0,409600,1
226,640,640,1.0,409600,1
227,640,640,1.0,409600,1
228,640,640,1.0,409600,1
229,640,640,1.0,409600,1
230,640,640,1.0,409600,5
231,640,640,1.0,409600,1
232,640,640,1.0,409600,2
233,640,640,1.0,409600,1
234,640,640,1.0,409600,1
235,640,640,1.0,409600,1
236,640,640,1.0,409600,1
237,640,640,1.0,409600,3
238,640,640,1.0,409600,1
239,640,640,1.0,409600,1
240,640,640,1.0,409600,2
241,640,640,1.0,409600,3
242,640,640,1.0,409600,1
243,640,640,1.0,409600,1
244,640,640,1.0,409600,1
245,640,640,1.0,409600,1
246,640,640,1.0,409600,1
247,640,640,1.0,409600,3
248,640,640,1.0,409600,1
249,640,640,1.0,409600,2
250,640,640,1.0,409600,3
251,640,640,1.0,409600,3
252,640,640,1.0,409600,6
253,640,640,1.0,409600,1
254,640,640,1.0,409600,2
255,640,640,1.0,409600,2
256,640,640,1.0,409600,1
257,640,640,1.0,409600,2
258,640,640,1.0,409600,2
259,640,640,1.0,409600,6
260,640,640,1.0,409600,2
261,640,640,1.0,409600,1
262,640,640,1.0,409600,1
263,640,640,1.0,409600,1
264,640,640,1.0,409600,3
265,640,640,1.0,409600,1
266,640,640,1.0,409600,3
267,640,640,1.0,409600,1
268,640,640,1.0,409600,1
269,640,640,1.0,409600,1
270,640,640,1.0,409600,1
271,640,640,1.0,409600,1
272,640,640,1.0,409600,1
273,640,640,1.0,409600,1
274,640,640,1.0,409600,1
275,640,640,1.0,409600,2
276,640,640,1.0,409600,2
277,640,640,1.0,409600,2
278,640,640,1.0,409600,1
279,640,640,1.0,409600,1
280,640,640,1.0,409600,3
281,640,640,1.0,409600,1
282,640,640,1.0,409600,3
283,640,640,1.0,409600,1
284,640,640,1.0,409600,1
285,640,640,1.0,409600,1
286,640,640,1.0,409600,2
287,640,640,1.0,409600,1
288,640,640,1.0,409600,1
289,640,640,1.0,409600,1
290,640,640,1.0,409600,2
291,640,640,1.0,409600,1
292,640,640,1.0,409600,2
293,640,640,1.0,409600,2
294,640,640,1.0,409600,1
295,640,640,1.0,409600,2
296,640,640,1.0,409600,1
297,640,640,1.0,409600,1
298,640,640,1.0,409600,1
299,640,640,1.0,409600,1
300,640,640,1.0,409600,1
301,640,640,1.0,409600,2
302,640,640,1.0,409600,2
303,640,640,1.0,409600,4
304,640,640,1.0,409600,1
305,640,640,1.0,409600,2
306,640,640,1.0,409600,1
307,640,640,1.0,409600,1
308,640,640,1.0,409600,1
309,640,640,1.0,409600,1
310,640,640,1.0,409600,4
311,640,640,1.0,409600,1
312,640,640,1.0,409600,2
313,640,640,1.0,409600,1
314,640,640,1.0,409600,2
315,640,640,1.0,409600,1
316,640,640,1.0,409600,1
317,640,640,1.0,409600,1
318,640,640,1.0,409600,1
319,640,640,1.0,409600,3
320,640,640,1.0,409600,3
321,640,640,1.0,409600,1
322,640,640,1.0,409600,2
323,640,640,1.0,409600,1
324,640,640,1.0,409600,1
325,640,640,1.0,409600,1
326,640,640,1.0,409600,1
327,640,640,1.0,409600,2
328,640,640,1.0,409600,1
329,640,640,1.0,409600,2
330,640,640,1.0,409600,10
331,640,640,1.0,409600,2
332,640,640,1.0,409600,1
333,640,640,1.0,409600,2
334,640,640,1.0,409600,4
335,640,640,1.0,409600,1
336,640,640,1.0,409600,1
337,640,640,1.0,409600,1
338,640,640,1.0,409600,1
339,640,640,1.0,409600,1
340,640,640,1.0,409600,1
341,640,640,1.0,409600,3
342,640,640,1.0,409600,1
343,640,640,1.0,409600,1
344,640,640,1.0,409600,5
345,640,640,1.0,409600,2
346,640,640,1.0,409600,3
347,640,640,1.0,409600,1
348,640,640,1.0,409600,3
349,640,640,1.0,409600,2
350,640,640,1.0,409600,3
351,640,640,1.0,409600,3
352,640,640,1.0,409600,1
353,640,640,1.0,409600,1
354,640,640,1.0,409600,1
355,640,640,1.0,409600,1
356,640,640,1.0,409600,1
357,640,640,1.0,409600,1
358,640,640,1.0,409600,2
359,640,640,1.0,409600,1
360,640,640,1.0,409600,1
361,640,640,1.0,409600,2
362,640,640,1.0,409600,1
363,640,640,1.0,409600,5
364,640,640,1.0,409600,3
365,640,640,1.0,409600,1
366,640,640,1.0,409600,1
367,640,640,1.0,409600,3
368,640,640,1.0,409600,2
369,640,640,1.0,409600,5
370,640,640,1.0,409600,2
371,640,640,1.0,409600,1
372,640,640,1.0,409600,1
373,640,640,1.0,409600,3
374,640,640,1.0,409600,2
375,640,640,1.0,409600,1
376,640,640,1.0,409600,1
377,640,640,1.0,409600,2
378,640,640,1.0,409600,1
379,640,640,1.0,409600,1
380,640,640,1.0,409600,1
381,640,640,1.0,409600,2
382,640,640,1.0,409600,4
383,640,640,1.0,409600,4
384,640,640,1.0,409600,1
385,640,640,1.0,409600,2
386,640,640,1.0,409600,1
387,640,640,1.0,409600,1
388,640,640,1.0,409600,1
389,640,640,1.0,409600,3
390,640,640,1.0,409600,6
391,640,640,1.0,409600,1
392,640,640,1.0,409600,1
393,640,640,1.0,409600,2
394,640,640,1.0,409600,4
395,640,640,1.0,409600,1
396,640,640,1.0,409600,2
397,640,640,1.0,409600,1
398,640,640,1.0,409600,3
399,640,640,1.0,409600,1
400,640,640,1.0,409600,6
401,640,640,1.0,409600,1
402,640,640,1.0,409600,3
403,640,640,1.0,409600,3
404,640,640,1.0,409600,2
405,640,640,1.0,409600,1
406,640,640,1.0,409600,1
407,640,640,1.0,409600,1
408,640,640,1.0,409600,1
409,640,640,1.0,409600,1
410,640,640,1.0,409600,1
411,640,640,1.0,409600,1
412,640,640,1.0,409600,5
413,640,640,1.0,409600,1
414,640,640,1.0,409600,1
415,640,640,1.0,409600,1
416,640,640,1.0,409600,3
417,640,640,1.0,409600,1
418,640,640,1.0,409600,8
419,640,640,1.0,409600,1
420,640,640,1.0,409600,3
421,640,640,1.0,409600,1
422,640,640,1.0,409600,12
423,640,640,1.0,409600,4
424,640,640,1.0,409600,3
425,640,640,1.0,409600,1
426,640,640,1.0,409600,1
427,640,640,1.0,409600,1
428,640,640,1.0,409600,1
429,640,640,1.0,409600,2
430,640,640,1.0,409600,2
431,640,640,1.0,409600,1
432,640,640,1.0,409600,5
433,640,640,1.0,409600,7
434,640,640,1.0,409600,1
435,640,640,1.0,409600,3
436,640,640,1.0,409600,2
437,640,640,1.0,409600,3
438,640,640,1.0,409600,3
439,640,640,1.0,409600,4
440,640,640,1.0,409600,1
441,640,640,1.0,409600,3
442,640,640,1.0,409600,2
443,640,640,1.0,409600,2
444,640,640,1.0,409600,2
445,640,640,1.0,409600,1
446,640,640,1.0,409600,1
447,640,640,1.0,409600,2
448,640,640,1.0,409600,2
449,640,640,1.0,409600,2
450,640,640,1.0,409600,1
451,640,640,1.0,409600,1
452,640,640,1.0,409600,1
453,640,640,1.0,409600,2
454,640,640,1.0,409600,2
455,640,640,1.0,409600,1
456,640,640,1.0,409600,13
457,640,640,1.0,409600,1
458,640,640,1.0,409600,1
459,640,640,1.0,409600,1
460,640,640,1.0,409600,1
461,640,640,1.0,409600,3
462,640,640,1.0,409600,1
463,640,640,1.0,409600,1
464,640,640,1.0,409600,1
465,640,640,1.0,409600,2
466,640,640,1.0,409600,4
467,640,640,1.0,409600,1
468,640,640,1.0,409600,1
469,640,640,1.0,409600,1
470,640,640,1.0,409600,7
471,640,640,1.0,409600,11
472,640,640,1.0,409600,3
473,640,640,1.0,409600,2
474,640,640,1.0,409600,1
475,640,640,1.0,409600,1
476,640,640,1.0,409600,1
477,640,640,1.0,409600,1
478,640,640,1.0,409600,1
479,640,640,1.0,409600,1
480,640,640,1.0,409600,1
481,640,640,1.0,409600,6
482,640,640,1.0,409600,1
483,640,640,1.0,409600,1
484,640,640,1.0,409600,1
485,640,640,1.0,409600,1
486,640,640,1.0,409600,5
487,640,640,1.0,409600,1
488,640,640,1.0,409600,1
489,640,640,1.0,409600,3
490,640,640,1.0,409600,3
491,640,640,1.0,409600,2
492,640,640,1.0,409600,1
493,640,640,1.0,409600,2
494,640,640,1.0,409600,1
495,640,640,1.0,409600,1
496,640,640,1.0,409600,3
497,640,640,1.0,409600,8
498,640,640,1.0,409600,1
499,640,640,1.0,409600,1
500,640,640,1.0,409600,3
501,640,640,1.0,409600,1
502,640,640,1.0,409600,1
503,640,640,1.0,409600,2
504,640,640,1.0,409600,1
505,640,640,1.0,409600,3
506,640,640,1.0,409600,3
507,640,640,1.0,409600,1
508,640,640,1.0,409600,1
509,640,640,1.0,409600,1
510,640,640,1.0,409600,2
511,640,640,1.0,409600,1
512,640,640,1.0,409600,1
513,640,640,1.0,409600,1
514,640,640,1.0,409600,1
515,640,640,1.0,409600,5
516,640,640,1.0,409600,4
517,640,640,1.0,409600,1
518,640,640,1.0,409600,3
519,640,640,1.0,409600,3
520,640,640,1.0,409600,1
521,640,640,1.0,409600,6
522,640,640,1.0,409600,1
523,640,640,1.0,409600,1
524,640,640,1.0,409600,1
525,640,640,1.0,409600,2
526,640,640,1.0,409600,1
527,640,640,1.0,409600,2
528,640,640,1.0,409600,4
529,640,640,1.0,409600,1
530,640,640,1.0,409600,3
531,640,640,1.0,409600,1
532,640,640,1.0,409600,1
533,640,640,1.0,409600,1
534,640,640,1.0,409600,1
535,640,640,1.0,409600,1
536,640,640,1.0,409600,2
537,640,640,1.0,409600,1
538,640,640,1.0,409600,2
539,640,640,1.0,409600,1
540,640,640,1.0,409600,2
541,640,640,1.0,409600,2
542,640,640,1.0,409600,3
543,640,640,1.0,409600,2
544,640,640,1.0,409600,1
545,640,640,1.0,409600,6
546,640,640,1.0,409600,1
547,640,640,1.0,409600,1
548,640,640,1.0,409600,1
549,640,640,1.0,409600,2
550,640,640,1.0,409600,1
551,640,640,1.0,409600,1
552,640,640,1.0,409600,1
553,640,640,1.0,409600,1
554,640,640,1.0,409600,5
555,640,640,1.0,409600,3
556,640,640,1.0,409600,1
557,640,640,1.0,409600,1
558,640,640,1.0,409600,1
559,640,640,1.0,409600,5
560,640,640,1.0,409600,2
561,640,640,1.0,409600,2
562,640,640,1.0,409600,2
563,640,640,1.0,409600,1
564,640,640,1.0,409600,1
565,640,640,1.0,409600,1
566,640,640,1.0,409600,2
567,640,640,1.0,409600,1
568,640,640,1.0,409600,1
569,640,640,1.0,409600,1
570,640,640,1.0,409600,2
571,640,640,1.0,409600,3
572,640,640,1.0,409600,2
573,640,640,1.0,409600,1
574,640,640,1.0,409600,1
575,640,640,1.0,409600,2
576,640,640,1.0,409600,4
577,640,640,1.0,409600,1
578,640,640,1.0,409600,7
579,640,640,1.0,409600,1
580,640,640,1.0,409600,2
581,640,640,1.0,409600,6
582,640,640,1.0,409600,1
583,640,640,1.0,409600,5
584,640,640,1.0,409600,3
585,640,640,1.0,409600,1
586,640,640,1.0,409600,4
587,640,640,1.0,409600,20
588,640,640,1.0,409600,3
589,640,640,1.0,409600,1
590,640,640,1.0,409600,1
591,640,640,1.0,409600,1
592,640,640,1.0,409600,2
593,640,640,1.0,409600,1
594,640,640,1.0,409600,3
595,640,640,1.0,409600,1
596,640,640,1.0,409600,7
597,640,640,1.0,409600,1
598,640,640,1.0,409600,7
599,640,640,1.0,409600,2
600,640,640,1.0,409600,1
601,640,640,1.0,409600,1
602,640,640,1.0,409600,1
603,640,640,1.0,409600,2
604,640,640,1.0,409600,3
605,640,640,1.0,409600,1
606,640,640,1.0,409600,1
607,640,640,1.0,409600,1
608,640,640,1.0,409600,2
609,640,640,1.0,409600,1
610,640,640,1.0,409600,1
611,640,640,1.0,409600,1
612,640,640,1.0,409600,1
613,640,640,1.0,409600,1
614,640,640,1.0,409600,2
615,640,640,1.0,409600,1
616,640,640,1.0,409600,2
617,640,640,1.0,409600,1
618,640,640,1.0,409600,2
619,640,640,1.0,409600,2
620,640,640,1.0,409600,5
621,640,640,1.0,409600,4
622,640,640,1.0,409600,3
623,640,640,1.0,409600,1
624,640,640,1.0,409600,1
625,640,640,1.0,409600,2
626,640,640,1.0,409600,1
627,640,640,1.0,409600,1
628,640,640,1.0,409600,8
629,640,640,1.0,409600,4
630,640,640,1.0,409600,1
631,640,640,1.0,409600,1
632,640,640,1.0,409600,3
633,640,640,1.0,409600,1
634,640,640,1.0,409600,1
635,640,640,1.0,409600,1
636,640,640,1.0,409600,1
637,640,640,1.0,409600,2
638,640,640,1.0,409600,1
639,640,640,1.0,409600,1
640,640,640,1.0,409600,1
641,640,640,1.0,409600,2
642,640,640,1.0,409600,1
643,640,640,1.0,409600,2
644,640,640,1.0,409600,2
645,640,640,1.0,409600,1
646,640,640,1.0,409600,1
647,640,640,1.0,409600,2
648,640,640,1.0,409600,1
649,640,640,1.0,409600,1
650,640,640,1.0,409600,1
651,640,640,1.0,409600,1
652,640,640,1.0,409600,2
653,640,640,1.0,409600,1
654,640,640,1.0,409600,4
655,640,640,1.0,409600,2
656,640,640,1.0,409600,1
657,640,640,1.0,409600,2
658,640,640,1.0,409600,4
659,640,640,1.0,409600,2
660,640,640,1.0,409600,1
661,640,640,1.0,409600,3
662,640,640,1.0,409600,1
663,640,640,1.0,409600,2
664,640,640,1.0,409600,1
665,640,640,1.0,409600,2
666,640,640,1.0,409600,1
667,640,640,1.0,409600,1
668,640,640,1.0,409600,5
669,640,640,1.0,409600,3
670,640,640,1.0,409600,1
671,640,640,1.0,409600,4
672,640,640,1.0,409600,1
673,640,640,1.0,409600,2
674,640,640,1.0,409600,2
675,640,640,1.0,409600,1
676,640,640,1.0,409600,6
677,640,640,1.0,409600,5
678,640,640,1.0,409600,1
679,640,640,1.0,409600,1
680,640,640,1.0,409600,2
681,640,640,1.0,409600,1
682,640,640,1.0,409600,2
683,640,640,1.0,409600,3
684,640,640,1.0,409600,2
685,640,640,1.0,409600,1
686,640,640,1.0,409600,3
687,640,640,1.0,409600,2
688,640,640,1.0,409600,1
689,640,640,1.0,409600,3
690,640,640,1.0,409600,3
691,640,640,1.0,409600,1
692,640,640,1.0,409600,4
693,640,640,1.0,409600,3
694,640,640,1.0,409600,4
695,640,640,1.0,409600,1
696,640,640,1.0,409600,1
697,640,640,1.0,409600,8
698,640,640,1.0,409600,1
699,640,640,1.0,409600,1
700,640,640,1.0,409600,3
701,640,640,1.0,409600,1
702,640,640,1.0,409600,1
703,640,640,1.0,409600,2
704,640,640,1.0,409600,1
705,640,640,1.0,409600,2
706,640,640,1.0,409600,2
707,640,640,1.0,409600,2
708,640,640,1.0,409600,1
709,640,640,1.0,409600,4
710,640,640,1.0,409600,1
711,640,640,1.0,409600,6
712,640,640,1.0,409600,5
713,640,640,1.0,409600,1
714,640,640,1.0,409600,1
715,640,640,1.0,409600,1
716,640,640,1.0,409600,2
717,640,640,1.0,409600,1
718,640,640,1.0,409600,1
719,640,640,1.0,409600,2
720,640,640,1.0,409600,3
721,640,640,1.0,409600,1
722,640,640,1.0,409600,1
723,640,640,1.0,409600,1
724,640,640,1.0,409600,1
725,640,640,1.0,409600,1
726,640,640,1.0,409600,1
727,640,640,1.0,409600,1
728,640,640,1.0,409600,1
729,640,640,1.0,409600,1
730,640,640,1.0,409600,1
731,640,640,1.0,409600,2
732,640,640,1.0,409600,2
733,640,640,1.0,409600,1
734,640,640,1.0,409600,1
735,640,640,1.0,409600,1
736,640,640,1.0,409600,2
737,640,640,1.0,409600,1
738,640,640,1.0,409600,1
739,640,640,1.0,409600,2
740,640,640,1.0,409600,1
741,640,640,1.0,409600,2
742,640,640,1.0,409600,2
743,640,640,1.0,409600,1
744,640,640,1.0,409600,7
745,640,640,1.0,409600,1
746,640,640,1.0,409600,3
747,640,640,1.0,409600,1
748,640,640,1.0,409600,1
749,640,640,1.0,409600,2
750,640,640,1.0,409600,1
751,640,640,1.0,409600,1
752,640,640,1.0,409600,2
753,640,640,1.0,409600,2
754,640,640,1.0,409600,1
755,640,640,1.0,409600,1
756,640,640,1.0,409600,6
757,640,640,1.0,409600,1
758,640,640,1.0,409600,1
759,640,640,1.0,409600,1
760,640,640,1.0,409600,1
761,640,640,1.0,409600,1
762,640,640,1.0,409600,1
763,640,640,1.0,409600,4
764,640,640,1.0,409600,1
765,640,640,1.0,409600,2
766,640,640,1.0,409600,4
767,640,640,1.0,409600,1
768,640,640,1.0,409600,3
769,640,640,1.0,409600,3
770,640,640,1.0,409600,1
771,640,640,1.0,409600,1
772,640,640,1.0,409600,2
773,640,640,1.0,409600,3
774,640,640,1.0,409600,2
775,640,640,1.0,409600,1
776,640,640,1.0,409600,1
777,640,640,1.0,409600,3
778,640,640,1.0,409600,1
779,640,640,1.0,409600,1
780,640,640,1.0,409600,4
781,640,640,1.0,409600,2
782,640,640,1.0,409600,1
783,640,640,1.0,409600,2
784,640,640,1.0,409600,2
785,640,640,1.0,409600,1
786,640,640,1.0,409600,2
787,640,640,1.0,409600,1
788,640,640,1.0,409600,1
789,640,640,1.0,409600,1
790,640,640,1.0,409600,1
791,640,640,1.0,409600,2
792,640,640,1.0,409600,2
793,640,640,1.0,409600,18
794,640,640,1.0,409600,1
795,640,640,1.0,409600,2
796,640,640,1.0,409600,5
797,640,640,1.0,409600,1
798,640,640,1.0,409600,1
799,640,640,1.0,409600,2
800,640,640,1.0,409600,1
801,640,640,1.0,409600,1
802,640,640,1.0,409600,1
803,640,640,1.0,409600,5
804,640,640,1.0,409600,1
805,640,640,1.0,409600,4
806,640,640,1.0,409600,1
807,640,640,1.0,409600,3
808,640,640,1.0,409600,1
809,640,640,1.0,409600,1
810,640,640,1.0,409600,1
811,640,640,1.0,409600,4
812,640,640,1.0,409600,1
813,640,640,1.0,409600,2
814,640,640,1.0,409600,2
815,640,640,1.0,409600,2
816,640,640,1.0,409600,1
817,640,640,1.0,409600,4
818,640,640,1.0,409600,2
819,640,640,1.0,409600,2
820,640,640,1.0,409600,14
821,640,640,1.0,409600,4
822,640,640,1.0,409600,6
823,640,640,1.0,409600,1
824,640,640,1.0,409600,1
825,640,640,1.0,409600,3
826,640,640,1.0,409600,1
827,640,640,1.0,409600,2
828,640,640,1.0,409600,1
829,640,640,1.0,409600,2
830,640,640,1.0,409600,3
831,640,640,1.0,409600,1
832,640,640,1.0,409600,1
833,640,640,1.0,409600,1
834,640,640,1.0,409600,1
835,640,640,1.0,409600,1
836,640,640,1.0,409600,4
837,640,640,1.0,409600,2
838,640,640,1.0,409600,1
839,640,640,1.0,409600,1
840,640,640,1.0,409600,2
841,640,640,1.0,409600,1
842,640,640,1.0,409600,2
843,640,640,1.0,409600,1
844,640,640,1.0,409600,1
845,640,640,1.0,409600,1
846,640,640,1.0,409600,4
847,640,640,1.0,409600,2
848,640,640,1.0,409600,1
849,640,640,1.0,409600,1
850,640,640,1.0,409600,1
851,640,640,1.0,409600,1
852,640,640,1.0,409600,5
853,640,640,1.0,409600,1
854,640,640,1.0,409600,1
855,640,640,1.0,409600,1
856,640,640,1.0,409600,3
857,640,640,1.0,409600,1
858,640,640,1.0,409600,3
859,640,640,1.0,409600,1
860,640,640,1.0,409600,1
861,640,640,1.0,409600,1
862,640,640,1.0,409600,1
863,640,640,1.0,409600,2
864,640,640,1.0,409600,2
865,640,640,1.0,409600,1
866,640,640,1.0,409600,1
867,640,640,1.0,409600,1
868,640,640,1.0,409600,6
869,640,640,1.0,409600,4
870,640,640,1.0,409600,1
871,640,640,1.0,409600,1
872,640,640,1.0,409600,2
873,640,640,1.0,409600,1
874,640,640,1.0,409600,1
875,640,640,1.0,409600,1
876,640,640,1.0,409600,1
877,640,640,1.0,409600,1
878,640,640,1.0,409600,1
879,640,640,1.0,409600,1
880,640,640,1.0,409600,1
881,640,640,1.0,409600,6
882,640,640,1.0,409600,1
883,640,640,1.0,409600,1
884,640,640,1.0,409600,1
885,640,640,1.0,409600,4
886,640,640,1.0,409600,1
887,640,640,1.0,409600,1
888,640,640,1.0,409600,2
889,640,640,1.0,409600,1
890,640,640,1.0,409600,1
891,640,640,1.0,409600,1
892,640,640,1.0,409600,1
893,640,640,1.0,409600,1
894,640,640,1.0,409600,1
895,640,640,1.0,409600,1
896,640,640,1.0,409600,1
897,640,640,1.0,409600,1
898,640,640,1.0,409600,1
899,640,640,1.0,409600,1
900,640,640,1.0,409600,5
901,640,640,1.0,409600,2
902,640,640,1.0,409600,2
903,640,640,1.0,409600,3
904,640,640,1.0,409600,1
905,640,640,1.0,409600,2
906,640,640,1.0,409600,1
907,640,640,1.0,409600,2
908,640,640,1.0,409600,1
909,640,640,1.0,409600,4
910,640,640,1.0,409600,3
911,640,640,1.0,409600,1
912,640,640,1.0,409600,1
913,640,640,1.0,409600,1
914,640,640,1.0,409600,1
915,640,640,1.0,409600,4
916,640,640,1.0,409600,1
917,640,640,1.0,409600,2
918,640,640,1.0,409600,1
919,640,640,1.0,409600,1
920,640,640,1.0,409600,2
921,640,640,1.0,409600,8
922,640,640,1.0,409600,1
923,640,640,1.0,409600,2
924,640,640,1.0,409600,4
925,640,640,1.0,409600,3
926,640,640,1.0,409600,6
927,640,640,1.0,409600,1
928,640,640,1.0,409600,1
929,640,640,1.0,409600,1
930,640,640,1.0,409600,6
931,640,640,1.0,409600,2
932,640,640,1.0,409600,3
933,640,640,1.0,409600,1
934,640,640,1.0,409600,2
935,640,640,1.0,409600,1
936,640,640,1.0,409600,1
937,640,640,1.0,409600,2
938,640,640,1.0,409600,1
939,640,640,1.0,409600,2
940,640,640,1.0,409600,2
941,640,640,1.0,409600,1
942,640,640,1.0,409600,1
943,640,640,1.0,409600,1
944,640,640,1.0,409600,1
945,640,640,1.0,409600,1
946,640,640,1.0,409600,1
947,640,640,1.0,409600,1
948,640,640,1.0,409600,1
949,640,640,1.0,409600,1
950,640,640,1.0,409600,3
951,640,640,1.0,409600,1
952,640,640,1.0,409600,1
953,640,640,1.0,409600,2
954,640,640,1.0,409600,1
955,640,640,1.0,409600,1
956,640,640,1.0,409600,2
957,640,640,1.0,409600,1
958,640,640,1.0,409600,2
959,640,640,1.0,409600,1
960,640,640,1.0,409600,1
961,640,640,1.0,409600,8
962,640,640,1.0,409600,1
963,640,640,1.0,409600,1
964,640,640,1.0,409600,1
965,640,640,1.0,409600,5
966,640,640,1.0,409600,3
967,640,640,1.0,409600,1
968,640,640,1.0,409600,1
969,640,640,1.0,409600,1
970,640,640,1.0,409600,1
971,640,640,1.0,409600,1
972,640,640,1.0,409600,2
973,640,640,1.0,409600,1
974,640,640,1.0,409600,2
975,640,640,1.0,409600,1
976,640,640,1.0,409600,6
977,640,640,1.0,409600,1
978,640,640,1.0,409600,1
979,640,640,1.0,409600,1
980,640,640,1.0,409600,1
981,640,640,1.0,409600,1
982,640,640,1.0,409600,4
983,640,640,1.0,409600,1
984,640,640,1.0,409600,1
985,640,640,1.0,409600,1
986,640,640,1.0,409600,1
987,640,640,1.0,409600,1
988,640,640,1.0,409600,1
989,640,640,1.0,409600,1
990,640,640,1.0,409600,2
991,640,640,1.0,409600,2
992,640,640,1.0,409600,1
993,640,640,1.0,409600,1
994,640,640,1.0,409600,1
995,640,640,1.0,409600,1
996,640,640,1.0,409600,1
997,640,640,1.0,409600,1
998,640,640,1.0,409600,1
999,640,640,1.0,409600,1
1000,640,640,1.0,409600,1
1001,640,640,1.0,409600,1
1002,640,640,1.0,409600,3
1003,640,640,1.0,409600,5
1004,640,640,1.0,409600,1
1005,640,640,1.0,409600,2
1006,640,640,1.0,409600,1
1007,640,640,1.0,409600,1
1008,640,640,1.0,409600,1
1009,640,640,1.0,409600,6
1010,640,640,1.0,409600,1
1011,640,640,1.0,409600,4
1012,640,640,1.0,409600,1
1013,640,640,1.0,409600,1
1014,640,640,1.0,409600,1
1015,640,640,1.0,409600,3
1016,640,640,1.0,409600,3
1017,640,640,1.0,409600,1
1018,640,640,1.0,409600,5
1019,640,640,1.0,409600,1
1020,640,640,1.0,409600,4
1021,640,640,1.0,409600,1
1022,640,640,1.0,409600,3
1023,640,640,1.0,409600,3
1024,640,640,1.0,409600,2
1025,640,640,1.0,409600,1
1026,640,640,1.0,409600,4
1027,640,640,1.0,409600,1
1028,640,640,1.0,409600,2
1029,640,640,1.0,409600,2
1030,640,640,1.0,409600,2
1031,640,640,1.0,409600,1
1032,640,640,1.0,409600,1
1033,640,640,1.0,409600,2
1034,640,640,1.0,409600,3
1035,640,640,1.0,409600,1
1036,640,640,1.0,409600,2
1037,640,640,1.0,409600,6
1038,640,640,1.0,409600,1
1039,640,640,1.0,409600,13
1040,640,640,1.0,409600,2
1041,640,640,1.0,409600,1
1042,640,640,1.0,409600,1
1043,640,640,1.0,409600,3
1044,640,640,1.0,409600,2
1045,640,640,1.0,409600,3
1046,640,640,1.0,409600,1
1047,640,640,1.0,409600,1
1048,640,640,1.0,409600,4
1049,640,640,1.0,409600,2
1050,640,640,1.0,409600,2
1051,640,640,1.0,409600,2
1052,640,640,1.0,409600,1
1053,640,640,1.0,409600,1
1054,640,640,1.0,409600,1
1055,640,640,1.0,409600,6
1056,640,640,1.0,409600,1
1057,640,640,1.0,409600,2
1058,640,640,1.0,409600,3
1059,640,640,1.0,409600,1
1060,640,640,1.0,409600,3
1061,640,640,1.0,409600,1
1062,640,640,1.0,409600,1
1063,640,640,1.0,409600,3
1064,640,640,1.0,409600,2
1065,640,640,1.0,409600,1
1066,640,640,1.0,409600,2
1067,640,640,1.0,409600,1
1068,640,640,1.0,409600,1
1069,640,640,1.0,409600,3
1070,640,640,1.0,409600,1
1071,640,640,1.0,409600,1
1072,640,640,1.0,409600,1
1073,640,640,1.0,409600,1
1074,640,640,1.0,409600,1
1075,640,640,1.0,409600,1
1076,640,640,1.0,409600,1
1077,640,640,1.0,409600,1
1078,640,640,1.0,409600,3
1079,640,640,1.0,409600,1
1080,640,640,1.0,409600,7
1081,640,640,1.0,409600,2
1082,640,640,1.0,409600,1
1083,640,640,1.0,409600,1
1084,640,640,1.0,409600,3
1085,640,640,1.0,409600,1
1086,640,640,1.0,409600,1
1087,640,640,1.0,409600,8
1088,640,640,1.0,409600,3
1089,640,640,1.0,409600,1
1090,640,640,1.0,409600,1
1091,640,640,1.0,409600,1
1092,640,640,1.0,409600,1
1093,640,640,1.0,409600,1
1094,640,640,1.0,409600,1
1095,640,640,1.0,409600,4
1096,640,640,1.0,409600,3
1097,640,640,1.0,409600,1
1098,640,640,1.0,409600,1
1099,640,640,1.0,409600,3
1100,640,640,1.0,409600,1
1101,640,640,1.0,409600,1
1102,640,640,1.0,409600,3
1103,640,640,1.0,409600,1
1104,640,640,1.0,409600,1
1105,640,640,1.0,409600,1
1106,640,640,1.0,409600,1
1107,640,640,1.0,409600,2
1108,640,640,1.0,409600,1
1109,640,640,1.0,409600,1
1110,640,640,1.0,409600,2
1111,640,640,1.0,409600,1
1112,640,640,1.0,409600,1
1113,640,640,1.0,409600,2
1114,640,640,1.0,409600,2
1115,640,640,1.0,409600,2
1116,640,640,1.0,409600,1
1117,640,640,1.0,409600,1
1118,640,640,1.0,409600,1
1119,640,640,1.0,409600,1
1120,640,640,1.0,409600,1
1121,640,640,1.0,409600,1
1122,640,640,1.0,409600,1
1123,640,640,1.0,409600,1
1124,640,640,1.0,409600,1
1125,640,640,1.0,409600,1
1126,640,640,1.0,409600,2
1127,640,640,1.0,409600,1
1128,640,640,1.0,409600,2
1129,640,640,1.0,409600,1
1130,640,640,1.0,409600,3
1131,640,640,1.0,409600,4
1132,640,640,1.0,409600,1
1133,640,640,1.0,409600,1
1134,640,640,1.0,409600,2
1135,640,640,1.0,409600,1
1136,640,640,1.0,409600,1
1137,640,640,1.0,409600,1
1138,640,640,1.0,409600,1
1139,640,640,1.0,409600,1
1140,640,640,1.0,409600,1
1141,640,640,1.0,409600,2
1142,640,640,1.0,409600,3
1143,640,640,1.0,409600,2
1144,640,640,1.0,409600,1
1145,640,640,1.0,409600,2
1146,640,640,1.0,409600,2
1147,640,640,1.0,409600,1
1148,640,640,1.0,409600,2
1149,640,640,1.0,409600,4
1150,640,640,1.0,409600,1
1151,640,640,1.0,409600,3
1152,640,640,1.0,409600,1
1153,640,640,1.0,409600,1
1154,640,640,1.0,409600,3
1155,640,640,1.0,409600,1
1156,640,640,1.0,409600,3
1157,640,640,1.0,409600,6
1158,640,640,1.0,409600,3
1159,640,640,1.0,409600,1
1160,640,640,1.0,409600,2
1161,640,640,1.0,409600,1
1162,640,640,1.0,409600,1
1163,640,640,1.0,409600,1
1164,640,640,1.0,409600,2
1165,640,640,1.0,409600,1
1166,640,640,1.0,409600,4
1167,640,640,1.0,409600,1
1168,640,640,1.0,409600,6
1169,640,640,1.0,409600,1
1170,640,640,1.0,409600,2
1171,640,640,1.0,409600,3
1172,640,640,1.0,409600,2
1173,640,640,1.0,409600,1
1174,640,640,1.0,409600,1
1175,640,640,1.0,409600,1
1176,640,640,1.0,409600,1
1177,640,640,1.0,409600,1
1178,640,640,1.0,409600,1
1179,640,640,1.0,409600,3
1180,640,640,1.0,409600,1
1181,640,640,1.0,409600,1
1182,640,640,1.0,409600,1
1183,640,640,1.0,409600,2
1184,640,640,1.0,409600,1
1185,640,640,1.0,409600,1
1186,640,640,1.0,409600,1
1187,640,640,1.0,409600,3
1188,640,640,1.0,409600,1
1189,640,640,1.0,409600,3
1190,640,640,1.0,409600,1
1191,640,640,1.0,409600,1
1192,640,640,1.0,409600,1
1193,640,640,1.0,409600,1
1194,640,640,1.0,409600,1
1195,640,640,1.0,409600,1
1196,640,640,1.0,409600,1
1197,640,640,1.0,409600,13
1198,640,640,1.0,409600,2
1199,640,640,1.0,409600,3
1200,640,640,1.0,409600,8
1201,640,640,1.0,409600,1
1202,640,640,1.0,409600,7
1203,640,640,1.0,409600,2
1204,640,640,1.0,409600,1
1205,640,640,1.0,409600,1
1206,640,640,1.0,409600,1
1207,640,640,1.0,409600,1
1208,640,640,1.0,409600,1
1209,640,640,1.0,409600,1
1210,640,640,1.0,409600,1
1211,640,640,1.0,409600,3
1212,640,640,1.0,409600,1
1213,640,640,1.0,409600,2
1214,640,640,1.0,409600,2
1215,640,640,1.0,409600,3
1216,640,640,1.0,409600,7
1217,640,640,1.0,409600,3
1218,640,640,1.0,409600,1
1219,640,640,1.0,409600,1
1220,640,640,1.0,409600,5
1221,640,640,1.0,409600,1
1222,640,640,1.0,409600,3
1223,640,640,1.0,409600,3
1224,640,640,1.0,409600,1
1225,640,640,1.0,409600,1
1226,640,640,1.0,409600,1
1227,640,640,1.0,409600,4
1228,640,640,1.0,409600,1
1229,640,640,1.0,409600,1
1230,640,640,1.0,409600,1
1231,640,640,1.0,409600,1
1232,640,640,1.0,409600,1
1233,640,640,1.0,409600,1
1234,640,640,1.0,409600,4
1235,640,640,1.0,409600,1
1236,640,640,1.0,409600,1
1237,640,640,1.0,409600,2
1238,640,640,1.0,409600,3
1239,640,640,1.0,409600,2
1240,640,640,1.0,409600,2
1241,640,640,1.0,409600,1
1242,640,640,1.0,409600,1
1243,640,640,1.0,409600,1
1244,640,640,1.0,409600,1
1245,640,640,1.0,409600,3
1246,640,640,1.0,409600,1
1247,640,640,1.0,409600,1
1248,640,640,1.0,409600,1
1249,640,640,1.0,409600,1
1250,640,640,1.0,409600,1
1251,640,640,1.0,409600,1
1252,640,640,1.0,409600,1
1253,640,640,1.0,409600,2
1254,640,640,1.0,409600,4
1255,640,640,1.0,409600,1
1256,640,640,1.0,409600,1
1257,640,640,1.0,409600,2
1258,640,640,1.0,409600,4
1259,640,640,1.0,409600,2
1260,640,640,1.0,409600,1
1261,640,640,1.0,409600,1
1262,640,640,1.0,409600,1
1263,640,640,1.0,409600,1
1264,640,640,1.0,409600,1
1265,640,640,1.0,409600,1
1266,640,640,1.0,409600,3
1267,640,640,1.0,409600,1
1268,640,640,1.0,409600,4
1269,640,640,1.0,409600,2
1270,640,640,1.0,409600,3
1271,640,640,1.0,409600,1
1272,640,640,1.0,409600,4
1273,640,640,1.0,409600,8
1274,640,640,1.0,409600,1
1275,640,640,1.0,409600,2
1276,640,640,1.0,409600,2
1277,640,640,1.0,409600,11
1278,640,640,1.0,409600,1
1279,640,640,1.0,409600,1
1280,640,640,1.0,409600,2
1281,640,640,1.0,409600,1
1282,640,640,1.0,409600,1
1283,640,640,1.0,409600,2
1284,640,640,1.0,409600,1
1285,640,640,1.0,409600,2
1286,640,640,1.0,409600,1
1287,640,640,1.0,409600,6
1288,640,640,1.0,409600,7
1289,640,640,1.0,409600,1
1290,640,640,1.0,409600,3
1291,640,640,1.0,409600,3
1292,640,640,1.0,409600,3
1293,640,640,1.0,409600,1
1294,640,640,1.0,409600,3
1295,640,640,1.0,409600,3
1296,640,640,1.0,409600,2
1297,640,640,1.0,409600,1
1298,640,640,1.0,409600,1
1299,640,640,1.0,409600,5
1300,640,640,1.0,409600,1
1301,640,640,1.0,409600,1
1302,640,640,1.0,409600,1
1303,640,640,1.0,409600,1
1304,640,640,1.0,409600,3
1305,640,640,1.0,409600,1
1306,640,640,1.0,409600,1
1307,640,640,1.0,409600,5
1308,640,640,1.0,409600,1
1309,640,640,1.0,409600,2
1310,640,640,1.0,409600,2
1311,640,640,1.0,409600,1
1312,640,640,1.0,409600,1
1313,640,640,1.0,409600,1
1314,640,640,1.0,409600,4
1315,640,640,1.0,409600,1
1316,640,640,1.0,409600,1
1317,640,640,1.0,409600,1
1318,640,640,1.0,409600,1
1319,640,640,1.0,409600,3
1320,640,640,1.0,409600,2
1321,640,640,1.0,409600,1
1322,640,640,1.0,409600,1
1323,640,640,1.0,409600,1
1324,640,640,1.0,409600,6
1325,640,640,1.0,409600,3
1326,640,640,1.0,409600,3
1327,640,640,1.0,409600,5
1328,640,640,1.0,409600,2
1329,640,640,1.0,409600,2
1330,640,640,1.0,409600,3
1331,640,640,1.0,409600,2
1332,640,640,1.0,409600,4
1333,640,640,1.0,409600,1
1334,640,640,1.0,409600,1
1335,640,640,1.0,409600,1
1336,640,640,1.0,409600,2
1337,640,640,1.0,409600,5
1338,640,640,1.0,409600,3
1339,640,640,1.0,409600,4
1340,640,640,1.0,409600,1
1341,640,640,1.0,409600,3
1342,640,640,1.0,409600,5
1343,640,640,1.0,409600,3
1344,640,640,1.0,409600,2
1345,640,640,1.0,409600,1
1346,640,640,1.0,409600,1
1347,640,640,1.0,409600,2
1348,640,640,1.0,409600,4
1349,640,640,1.0,409600,2
1350,640,640,1.0,409600,3
1351,640,640,1.0,409600,1
1352,640,640,1.0,409600,1
1353,640,640,1.0,409600,1
1354,640,640,1.0,409600,7
1355,640,640,1.0,409600,1
1356,640,640,1.0,409600,1
1357,640,640,1.0,409600,6
1358,640,640,1.0,409600,2
1359,640,640,1.0,409600,3
1360,640,640,1.0,409600,1
1361,640,640,1.0,409600,2
1362,640,640,1.0,409600,1
1363,640,640,1.0,409600,1
1364,640,640,1.0,409600,1
1365,640,640,1.0,409600,6
1366,640,640,1.0,409600,3
1367,640,640,1.0,409600,1
1368,640,640,1.0,409600,8
1369,640,640,1.0,409600,1
1370,640,640,1.0,409600,2
1371,640,640,1.0,409600,1
1372,640,640,1.0,409600,1
1373,640,640,1.0,409600,1
1374,640,640,1.0,409600,2
1375,640,640,1.0,409600,2
1376,640,640,1.0,409600,1
1377,640,640,1.0,409600,5
1378,640,640,1.0,409600,1
1379,640,640,1.0,409600,1
1380,640,640,1.0,409600,1
1381,640,640,1.0,409600,4
1382,640,640,1.0,409600,1
1383,640,640,1.0,409600,4
1384,640,640,1.0,409600,1
1385,640,640,1.0,409600,3
1386,640,640,1.0,409600,1
1387,640,640,1.0,409600,1
1388,640,640,1.0,409600,1
1389,640,640,1.0,409600,2
1390,640,640,1.0,409600,1
1391,640,640,1.0,409600,2
1392,640,640,1.0,409600,2
1393,640,640,1.0,409600,3
1394,640,640,1.0,409600,2
1395,640,640,1.0,409600,1
1396,640,640,1.0,409600,1
1397,640,640,1.0,409600,1
1398,640,640,1.0,409600,1
1399,640,640,1.0,409600,2
1400,640,640,1.0,409600,1
1401,640,640,1.0,409600,1
1402,640,640,1.0,409600,1
1403,640,640,1.0,409600,1
1404,640,640,1.0,409600,3
1405,640,640,1.0,409600,1
1406,640,640,1.0,409600,2
1407,640,640,1.0,409600,2
1408,640,640,1.0,409600,1
1409,640,640,1.0,409600,3
1410,640,640,1.0,409600,2
1411,640,640,1.0,409600,6
1412,640,640,1.0,409600,4
1413,640,640,1.0,409600,1
1414,640,640,1.0,409600,9
1415,640,640,1.0,409600,1
1416,640,640,1.0,409600,1
1417,640,640,1.0,409600,1
1418,640,640,1.0,409600,1
1419,640,640,1.0,409600,1
1420,640,640,1.0,409600,1
1421,640,640,1.0,409600,2
1422,640,640,1.0,409600,1
1423,640,640,1.0,409600,3
1424,640,640,1.0,409600,4
1425,640,640,1.0,409600,3
1426,640,640,1.0,409600,2
1427,640,640,1.0,409600,1
1428,640,640,1.0,409600,1
1429,640,640,1.0,409600,1
1430,640,640,1.0,409600,2
1431,640,640,1.0,409600,3
1432,640,640,1.0,409600,1
1433,640,640,1.0,409600,1
1434,640,640,1.0,409600,2
1435,640,640,1.0,409600,3
1436,640,640,1.0,409600,4
1437,640,640,1.0,409600,2
1438,640,640,1.0,409600,1
1439,640,640,1.0,409600,7
1440,640,640,1.0,409600,2
1441,640,640,1.0,409600,2
1442,640,640,1.0,409600,1
1443,640,640,1.0,409600,1
1444,640,640,1.0,409600,1
1445,640,640,1.0,409600,1
1446,640,640,1.0,409600,7
1447,640,640,1.0,409600,2
1448,640,640,1.0,409600,1
1449,640,640,1.0,409600,1
1450,640,640,1.0,409600,1
1451,640,640,1.0,409600,1
1452,640,640,1.0,409600,1
1453,640,640,1.0,409600,4
1454,640,640,1.0,409600,3
1455,640,640,1.0,409600,2
1456,640,640,1.0,409600,1
1457,640,640,1.0,409600,2
1458,640,640,1.0,409600,1
1459,640,640,1.0,409600,1
1460,640,640,1.0,409600,1
1461,640,640,1.0,409600,3
1462,640,640,1.0,409600,1
1463,640,640,1.0,409600,1
1464,640,640,1.0,409600,1
1465,640,640,1.0,409600,1
1466,640,640,1.0,409600,1
1467,640,640,1.0,409600,1
1468,640,640,1.0,409600,4
1469,640,640,1.0,409600,1
1470,640,640,1.0,409600,1
1471,640,640,1.0,409600,1
1472,640,640,1.0,409600,2
1473,640,640,1.0,409600,8
1474,640,640,1.0,409600,2
1475,640,640,1.0,409600,3
1476,640,640,1.0,409600,1
1477,640,640,1.0,409600,6
1478,640,640,1.0,409600,3
1479,640,640,1.0,409600,1
1480,640,640,1.0,409600,4
1481,640,640,1.0,409600,1
1482,640,640,1.0,409600,1
1483,640,640,1.0,409600,1
1484,640,640,1.0,409600,1
1485,640,640,1.0,409600,10
1486,640,640,1.0,409600,4
1487,640,640,1.0,409600,1
1488,640,640,1.0,409600,4
1489,640,640,1.0,409600,2
1490,640,640,1.0,409600,4
1491,640,640,1.0,409600,3
1492,640,640,1.0,409600,1
1493,640,640,1.0,409600,1
1494,640,640,1.0,409600,1
1495,640,640,1.0,409600,1
1496,640,640,1.0,409600,1
1497,640,640,1.0,409600,1
1498,640,640,1.0,409600,2
1499,640,640,1.0,409600,2
1500,640,640,1.0,409600,1
1501,640,640,1.0,409600,2
1502,640,640,1.0,409600,1
1503,640,640,1.0,409600,1
1504,640,640,1.0,409600,1
1505,640,640,1.0,409600,2
1506,640,640,1.0,409600,1
1507,640,640,1.0,409600,1
1508,640,640,1.0,409600,4
1509,640,640,1.0,409600,1
1510,640,640,1.0,409600,1
1511,640,640,1.0,409600,2
1512,640,640,1.0,409600,1
1513,640,640,1.0,409600,4
1514,640,640,1.0,409600,1
1515,640,640,1.0,409600,4
1516,640,640,1.0,409600,4
1517,640,640,1.0,409600,1
1518,640,640,1.0,409600,1
1519,640,640,1.0,409600,1
1520,640,640,1.0,409600,1
1521,640,640,1.0,409600,2
1522,640,640,1.0,409600,1
1523,640,640,1.0,409600,2
1524,640,640,1.0,409600,1
1525,640,640,1.0,409600,2
1526,640,640,1.0,409600,1
1527,640,640,1.0,409600,1
1528,640,640,1.0,409600,1
1529,640,640,1.0,409600,1
1530,640,640,1.0,409600,1
1531,640,640,1.0,409600,1
1532,640,640,1.0,409600,1
1533,640,640,1.0,409600,2
1534,640,640,1.0,409600,1
1535,640,640,1.0,409600,1
1536,640,640,1.0,409600,1
1537,640,640,1.0,409600,1
1538,640,640,1.0,409600,11
1539,640,640,1.0,409600,3
1540,640,640,1.0,409600,2
1541,640,640,1.0,409600,1
1542,640,640,1.0,409600,1
1543,640,640,1.0,409600,3
1544,640,640,1.0,409600,4
1545,640,640,1.0,409600,1
1546,640,640,1.0,409600,1
1547,640,640,1.0,409600,1
1548,640,640,1.0,409600,2
1549,640,640,1.0,409600,1
1550,640,640,1.0,409600,1
1551,640,640,1.0,409600,4
1552,640,640,1.0,409600,1
1553,640,640,1.0,409600,1
1554,640,640,1.0,409600,1
1555,640,640,1.0,409600,1
1556,640,640,1.0,409600,2
1557,640,640,1.0,409600,1
1558,640,640,1.0,409600,2
1559,640,640,1.0,409600,3
1560,640,640,1.0,409600,3
1561,640,640,1.0,409600,1
1562,640,640,1.0,409600,1
1563,640,640,1.0,409600,1
1564,640,640,1.0,409600,6
1565,640,640,1.0,409600,3
1566,640,640,1.0,409600,1
1567,640,640,1.0,409600,1
1568,640,640,1.0,409600,2
1569,640,640,1.0,409600,1
1570,640,640,1.0,409600,2
1571,640,640,1.0,409600,4
1572,640,640,1.0,409600,1
1573,640,640,1.0,409600,1
1574,640,640,1.0,409600,3
1575,640,640,1.0,409600,1
1576,640,640,1.0,409600,2
1577,640,640,1.0,409600,1
1578,640,640,1.0,409600,4
1579,640,640,1.0,409600,1
1580,640,640,1.0,409600,2
1581,640,640,1.0,409600,3
1582,640,640,1.0,409600,1
1583,640,640,1.0,409600,3
1584,640,640,1.0,409600,2
1585,640,640,1.0,409600,3
1586,640,640,1.0,409600,1
1587,640,640,1.0,409600,3
1588,640,640,1.0,409600,2
1589,640,640,1.0,409600,1
1590,640,640,1.0,409600,2
1591,640,640,1.0,409600,1
1592,640,640,1.0,409600,2
1593,640,640,1.0,409600,1
1594,640,640,1.0,409600,1
1595,640,640,1.0,409600,1
1596,640,640,1.0,409600,1
1597,640,640,1.0,409600,2
1598,640,640,1.0,409600,1
1599,640,640,1.0,409600,1
1600,640,640,1.0,409600,1
1601,640,640,1.0,409600,1
1602,640,640,1.0,409600,1
1603,640,640,1.0,409600,3
1604,640,640,1.0,409600,1
1605,640,640,1.0,409600,2
1606,640,640,1.0,409600,1
1607,640,640,1.0,409600,4
1608,640,640,1.0,409600,1
1609,640,640,1.0,409600,1
1610,640,640,1.0,409600,2
1611,640,640,1.0,409600,1
1612,640,640,1.0,409600,1
1613,640,640,1.0,409600,1
1614,640,640,1.0,409600,1
1615,640,640,1.0,409600,1
1616,640,640,1.0,409600,1
1617,640,640,1.0,409600,1
1618,640,640,1.0,409600,1
1619,640,640,1.0,409600,6
1620,640,640,1.0,409600,1
1621,640,640,1.0,409600,1
1622,640,640,1.0,409600,1
1623,640,640,1.0,409600,2
1624,640,640,1.0,409600,1
1625,640,640,1.0,409600,2
1626,640,640,1.0,409600,6
1627,640,640,1.0,409600,2
1628,640,640,1.0,409600,1
1629,640,640,1.0,409600,3
1630,640,640,1.0,409600,1
1631,640,640,1.0,409600,1
1632,640,640,1.0,409600,1
1633,640,640,1.0,409600,1
1634,640,640,1.0,409600,8
1635,640,640,1.0,409600,1
1636,640,640,1.0,409600,2
1637,640,640,1.0,409600,3
1638,640,640,1.0,409600,2
1639,640,640,1.0,409600,2
1640,640,640,1.0,409600,7
1641,640,640,1.0,409600,2
1642,640,640,1.0,409600,1
1643,640,640,1.0,409600,1
1644,640,640,1.0,409600,4
1645,640,640,1.0,409600,1
1646,640,640,1.0,409600,1
1647,640,640,1.0,409600,1
1648,640,640,1.0,409600,8
1649,640,640,1.0,409600,8
1650,640,640,1.0,409600,1
1651,640,640,1.0,409600,1
1652,640,640,1.0,409600,7
1653,640,640,1.0,409600,1
1654,640,640,1.0,409600,2
1655,640,640,1.0,409600,1
1656,640,640,1.0,409600,3
1657,640,640,1.0,409600,1
1658,640,640,1.0,409600,2
1659,640,640,1.0,409600,3
1660,640,640,1.0,409600,1
1661,640,640,1.0,409600,1
1662,640,640,1.0,409600,1
1663,640,640,1.0,409600,8
1664,640,640,1.0,409600,1
1665,640,640,1.0,409600,2
1666,640,640,1.0,409600,3
1667,640,640,1.0,409600,2
1668,640,640,1.0,409600,2
1669,640,640,1.0,409600,1
1670,640,640,1.0,409600,1
1671,640,640,1.0,409600,2
1672,640,640,1.0,409600,1
1673,640,640,1.0,409600,1
1674,640,640,1.0,409600,1
1675,640,640,1.0,409600,2
1676,640,640,1.0,409600,1
1677,640,640,1.0,409600,2
1678,640,640,1.0,409600,1
1679,640,640,1.0,409600,6
1680,640,640,1.0,409600,2
1681,640,640,1.0,409600,1
1682,640,640,1.0,409600,2
1683,640,640,1.0,409600,1
1684,640,640,1.0,409600,2
1685,640,640,1.0,409600,8
1686,640,640,1.0,409600,1
1687,640,640,1.0,409600,2
1688,640,640,1.0,409600,1
1689,640,640,1.0,409600,4
1690,640,640,1.0,409600,1
1691,640,640,1.0,409600,1
1692,640,640,1.0,409600,2
1693,640,640,1.0,409600,3
1694,640,640,1.0,409600,1
1695,640,640,1.0,409600,1
1696,640,640,1.0,409600,1
1697,640,640,1.0,409600,3
1698,640,640,1.0,409600,3
1699,640,640,1.0,409600,1
1700,640,640,1.0,409600,2
1701,640,640,1.0,409600,1
1702,640,640,1.0,409600,1
1703,640,640,1.0,409600,2
1704,640,640,1.0,409600,1
1705,640,640,1.0,409600,1
1706,640,640,1.0,409600,3
1707,640,640,1.0,409600,7
1708,640,640,1.0,409600,1
1709,640,640,1.0,409600,1
1710,640,640,1.0,409600,1
1711,640,640,1.0,409600,1
1712,640,640,1.0,409600,7
1713,640,640,1.0,409600,2
1714,640,640,1.0,409600,3
1715,640,640,1.0,409600,1
1716,640,640,1.0,409600,3
1717,640,640,1.0,409600,2
1718,640,640,1.0,409600,1
1719,640,640,1.0,409600,1
1720,640,640,1.0,409600,1
1721,640,640,1.0,409600,1
1722,640,640,1.0,409600,1
1723,640,640,1.0,409600,1
1724,640,640,1.0,409600,1
1725,640,640,1.0,409600,1
1726,640,640,1.0,409600,3
1727,640,640,1.0,409600,1
1728,640,640,1.0,409600,1
1729,640,640,1.0,409600,1
1730,640,640,1.0,409600,1
1731,640,640,1.0,409600,1
1732,640,640,1.0,409600,2
1733,640,640,1.0,409600,2
1734,640,640,1.0,409600,5
1735,640,640,1.0,409600,1
1736,640,640,1.0,409600,3
1737,640,640,1.0,409600,1
1738,640,640,1.0,409600,1
1739,640,640,1.0,409600,2
1740,640,640,1.0,409600,1
1741,640,640,1.0,409600,1
1742,640,640,1.0,409600,2
1743,640,640,1.0,409600,1
1744,640,640,1.0,409600,3
1745,640,640,1.0,409600,2
1746,640,640,1.0,409600,3
1747,640,640,1.0,409600,2
1748,640,640,1.0,409600,1
1749,640,640,1.0,409600,2
1750,640,640,1.0,409600,2
1751,640,640,1.0,409600,3
1752,640,640,1.0,409600,6
1753,640,640,1.0,409600,5
1754,640,640,1.0,409600,3
1755,640,640,1.0,409600,4
1756,640,640,1.0,409600,1
1757,640,640,1.0,409600,1
1758,640,640,1.0,409600,1
1759,640,640,1.0,409600,1
1760,640,640,1.0,409600,2
1761,640,640,1.0,409600,3
1762,640,640,1.0,409600,1
1763,640,640,1.0,409600,2
1764,640,640,1.0,409600,1
1765,640,640,1.0,409600,2
1766,640,640,1.0,409600,1
1767,640,640,1.0,409600,1
1768,640,640,1.0,409600,2
1769,640,640,1.0,409600,1
1770,640,640,1.0,409600,1
1771,640,640,1.0,409600,1
1772,640,640,1.0,409600,1
1773,640,640,1.0,409600,1
1774,640,640,1.0,409600,1
1775,640,640,1.0,409600,1
1776,640,640,1.0,409600,3
1777,640,640,1.0,409600,1
1778,640,640,1.0,409600,1
1779,640,640,1.0,409600,1
1780,640,640,1.0,409600,3
1781,640,640,1.0,409600,8
1782,640,640,1.0,409600,2
1783,640,640,1.0,409600,1
1784,640,640,1.0,409600,1
1785,640,640,1.0,409600,1
1786,640,640,1.0,409600,1
1787,640,640,1.0,409600,1
1788,640,640,1.0,409600,1
1789,640,640,1.0,409600,1
1790,640,640,1.0,409600,1
1791,640,640,1.0,409600,1
1792,640,640,1.0,409600,1
1793,640,640,1.0,409600,1
1794,640,640,1.0,409600,7
1795,640,640,1.0,409600,1
1796,640,640,1.0,409600,5
1797,640,640,1.0,409600,8
1798,640,640,1.0,409600,2
1799,640,640,1.0,409600,1
1800,640,640,1.0,409600,1
1801,640,640,1.0,409600,1
1802,640,640,1.0,409600,1
1803,640,640,1.0,409600,1
1804,640,640,1.0,409600,3
1805,640,640,1.0,409600,1
1806,640,640,1.0,409600,1
1807,640,640,1.0,409600,2
1808,640,640,1.0,409600,1
1809,640,640,1.0,409600,1
1810,640,640,1.0,409600,3
1811,640,640,1.0,409600,1
1812,640,640,1.0,409600,1
1813,640,640,1.0,409600,2
1814,640,640,1.0,409600,1
1815,640,640,1.0,409600,4
1816,640,640,1.0,409600,1
1817,640,640,1.0,409600,1
1818,640,640,1.0,409600,1
1819,640,640,1.0,409600,1
1820,640,640,1.0,409600,1
1821,640,640,1.0,409600,1
1822,640,640,1.0,409600,1
1823,640,640,1.0,409600,1
1824,640,640,1.0,409600,4
1825,640,640,1.0,409600,5
1826,640,640,1.0,409600,1
1827,640,640,1.0,409600,3
1828,640,640,1.0,409600,1
1829,640,640,1.0,409600,1
1830,640,640,1.0,409600,4
1831,640,640,1.0,409600,1
1832,640,640,1.0,409600,1
1833,640,640,1.0,409600,1
1834,640,640,1.0,409600,1
1835,640,640,1.0,409600,2
1836,640,640,1.0,409600,3
1837,640,640,1.0,409600,1
1838,640,640,1.0,409600,12
1839,640,640,1.0,409600,1
1840,640,640,1.0,409600,1
1841,640,640,1.0,409600,1
1842,640,640,1.0,409600,10
1843,640,640,1.0,409600,1
1844,640,640,1.0,409600,2
1845,640,640,1.0,409600,2
1846,640,640,1.0,409600,3
1847,640,640,1.0,409600,2
1848,640,640,1.0,409600,1
1849,640,640,1.0,409600,1
1850,640,640,1.0,409600,4
1851,640,640,1.0,409600,1
1852,640,640,1.0,409600,1
1853,640,640,1.0,409600,1
1854,640,640,1.0,409600,1
1855,640,640,1.0,409600,1
1856,640,640,1.0,409600,4
1857,640,640,1.0,409600,1
1858,640,640,1.0,409600,7
1859,640,640,1.0,409600,1
1860,640,640,1.0,409600,1
1861,640,640,1.0,409600,1
1862,640,640,1.0,409600,1
1863,640,640,1.0,409600,1
1864,640,640,1.0,409600,1
1865,640,640,1.0,409600,1
1866,640,640,1.0,409600,1
1867,640,640,1.0,409600,1
1868,640,640,1.0,409600,1
1869,640,640,1.0,409600,3
1870,640,640,1.0,409600,1
1871,640,640,1.0,409600,2
1872,640,640,1.0,409600,1
1873,640,640,1.0,409600,4
1874,640,640,1.0,409600,3
1875,640,640,1.0,409600,4
1876,640,640,1.0,409600,1
1877,640,640,1.0,409600,2
1878,640,640,1.0,409600,2
1879,640,640,1.0,409600,1
1880,640,640,1.0,409600,2
1881,640,640,1.0,409600,1
1882,640,640,1.0,409600,4
1883,640,640,1.0,409600,1
1884,640,640,1.0,409600,1
1885,640,640,1.0,409600,3
1886,640,640,1.0,409600,1
1887,640,640,1.0,409600,2
1888,640,640,1.0,409600,1
1889,640,640,1.0,409600,3
1890,640,640,1.0,409600,1
1891,640,640,1.0,409600,1
1892,640,640,1.0,409600,1
1893,640,640,1.0,409600,5
1894,640,640,1.0,409600,1
1895,640,640,1.0,409600,1
1896,640,640,1.0,409600,1
1897,640,640,1.0,409600,6
1898,640,640,1.0,409600,1
1899,640,640,1.0,409600,1
1900,640,640,1.0,409600,2
1901,640,640,1.0,409600,5
1902,640,640,1.0,409600,3
1903,640,640,1.0,409600,2
1904,640,640,1.0,409600,1
1905,640,640,1.0,409600,1
1906,640,640,1.0,409600,1
1907,640,640,1.0,409600,1
1908,640,640,1.0,409600,7
1909,640,640,1.0,409600,4
1910,640,640,1.0,409600,1
1911,640,640,1.0,409600,4
1912,640,640,1.0,409600,3
1913,640,640,1.0,409600,1
1914,640,640,1.0,409600,1
1915,640,640,1.0,409600,1
1916,640,640,1.0,409600,1
1917,640,640,1.0,409600,4
1918,640,640,1.0,409600,2
1919,640,640,1.0,409600,1
1920,640,640,1.0,409600,1
1921,640,640,1.0,409600,1
1922,640,640,1.0,409600,1
1923,640,640,1.0,409600,1
1924,640,640,1.0,409600,1
1925,640,640,1.0,409600,1
1926,640,640,1.0,409600,5
1927,640,640,1.0,409600,1
1928,640,640,1.0,409600,2
1929,640,640,1.0,409600,1
1930,640,640,1.0,409600,1
1931,640,640,1.0,409600,2
1932,640,640,1.0,409600,3
1933,640,640,1.0,409600,1
1934,640,640,1.0,409600,1
1935,640,640,1.0,409600,4
1936,640,640,1.0,409600,1
1937,640,640,1.0,409600,2
1938,640,640,1.0,409600,1
1939,640,640,1.0,409600,7
1940,640,640,1.0,409600,3
1941,640,640,1.0,409600,1
1942,640,640,1.0,409600,1
1943,640,640,1.0,409600,2
1944,640,640,1.0,409600,1
1945,640,640,1.0,409600,1
1946,640,640,1.0,409600,2
1947,640,640,1.0,409600,1
1948,640,640,1.0,409600,4
1949,640,640,1.0,409600,2
1950,640,640,1.0,409600,1
1951,640,640,1.0,409600,1
1952,640,640,1.0,409600,1
1953,640,640,1.0,409600,5
1954,640,640,1.0,409600,1
1955,640,640,1.0,409600,3
1956,640,640,1.0,409600,2
1957,640,640,1.0,409600,1
1958,640,640,1.0,409600,8
1959,640,640,1.0,409600,1
1960,640,640,1.0,409600,1
1961,640,640,1.0,409600,2
1962,640,640,1.0,409600,2
1963,640,640,1.0,409600,1
1964,640,640,1.0,409600,1
1965,640,640,1.0,409600,1
1966,640,640,1.0,409600,1
1967,640,640,1.0,409600,3
1968,640,640,1.0,409600,1
1969,640,640,1.0,409600,3
1970,640,640,1.0,409600,1
1971,640,640,1.0,409600,1
1972,640,640,1.0,409600,6
1973,640,640,1.0,409600,1
1974,640,640,1.0,409600,1
1975,640,640,1.0,409600,1
1976,640,640,1.0,409600,1
1977,640,640,1.0,409600,1
1978,640,640,1.0,409600,1
1979,640,640,1.0,409600,3
1980,640,640,1.0,409600,2
1981,640,640,1.0,409600,1
1982,640,640,1.0,409600,1
1983,640,640,1.0,409600,1
1984,640,640,1.0,409600,3
1985,640,640,1.0,409600,1
1986,640,640,1.0,409600,1
1987,640,640,1.0,409600,6
1988,640,640,1.0,409600,4
1989,640,640,1.0,409600,1
1990,640,640,1.0,409600,1
1991,640,640,1.0,409600,1
1992,640,640,1.0,409600,1
1993,640,640,1.0,409600,1
1994,640,640,1.0,409600,1
1995,640,640,1.0,409600,1
1996,640,640,1.0,409600,4
1997,640,640,1.0,409600,2
1998,640,640,1.0,409600,1
1999,640,640,1.0,409600,1
2000,640,640,1.0,409600,1
2001,640,640,1.0,409600,1
2002,640,640,1.0,409600,1
2003,640,640,1.0,409600,1
2004,640,640,1.0,409600,1
2005,640,640,1.0,409600,2
2006,640,640,1.0,409600,2
2007,640,640,1.0,409600,2
2008,640,640,1.0,409600,1
2009,640,640,1.0,409600,1
2010,640,640,1.0,409600,9
2011,640,640,1.0,409600,1
2012,640,640,1.0,409600,5
2013,640,640,1.0,409600,1
2014,640,640,1.0,409600,5
2015,640,640,1.0,409600,1
2016,640,640,1.0,409600,3
2017,640,640,1.0,409600,1
2018,640,640,1.0,409600,3
2019,640,640,1.0,409600,2
2020,640,640,1.0,409600,2
2021,640,640,1.0,409600,1
2022,640,640,1.0,409600,1
2023,640,640,1.0,409600,2
2024,640,640,1.0,409600,4
2025,640,640,1.0,409600,1
2026,640,640,1.0,409600,1
2027,640,640,1.0,409600,2
2028,640,640,1.0,409600,1
2029,640,640,1.0,409600,1
2030,640,640,1.0,409600,1
2031,640,640,1.0,409600,1
2032,640,640,1.0,409600,1
2033,640,640,1.0,409600,2
2034,640,640,1.0,409600,2
2035,640,640,1.0,409600,1
2036,640,640,1.0,409600,4
2037,640,640,1.0,409600,1
2038,640,640,1.0,409600,3
2039,640,640,1.0,409600,3
2040,640,640,1.0,409600,2
2041,640,640,1.0,409600,1
2042,640,640,1.0,409600,1
2043,640,640,1.0,409600,1
2044,640,640,1.0,409600,6
2045,640,640,1.0,409600,2
2046,640,640,1.0,409600,3
2047,640,640,1.0,409600,4
2048,640,640,1.0,409600,4
2049,640,640,1.0,409600,1
2050,640,640,1.0,409600,2
2051,640,640,1.0,409600,5
2052,640,640,1.0,409600,1
2053,640,640,1.0,409600,4
2054,640,640,1.0,409600,1
2055,640,640,1.0,409600,1
2056,640,640,1.0,409600,2
2057,640,640,1.0,409600,1
2058,640,640,1.0,409600,1
2059,640,640,1.0,409600,2
2060,640,640,1.0,409600,8
2061,640,640,1.0,409600,2
2062,640,640,1.0,409600,1
2063,640,640,1.0,409600,2
2064,640,640,1.0,409600,1
2065,640,640,1.0,409600,2
2066,640,640,1.0,409600,1
2067,640,640,1.0,409600,1
2068,640,640,1.0,409600,2
2069,640,640,1.0,409600,1
2070,640,640,1.0,409600,1
2071,640,640,1.0,409600,1
2072,640,640,1.0,409600,1
2073,640,640,1.0,409600,2
2074,640,640,1.0,409600,5
2075,640,640,1.0,409600,3
2076,640,640,1.0,409600,2
2077,640,640,1.0,409600,3
2078,640,640,1.0,409600,4
2079,640,640,1.0,409600,1
2080,640,640,1.0,409600,4
2081,640,640,1.0,409600,1
2082,640,640,1.0,409600,1
2083,640,640,1.0,409600,1
2084,640,640,1.0,409600,2
2085,640,640,1.0,409600,1
2086,640,640,1.0,409600,1
2087,640,640,1.0,409600,4
2088,640,640,1.0,409600,4
2089,640,640,1.0,409600,2
2090,640,640,1.0,409600,2
2091,640,640,1.0,409600,1
2092,640,640,1.0,409600,1
2093,640,640,1.0,409600,1
2094,640,640,1.0,409600,3
2095,640,640,1.0,409600,5
2096,640,640,1.0,409600,1
2097,640,640,1.0,409600,1
2098,640,640,1.0,409600,2
2099,640,640,1.0,409600,1
2100,640,640,1.0,409600,1
2101,640,640,1.0,409600,1
2102,640,640,1.0,409600,1
2103,640,640,1.0,409600,1
2104,640,640,1.0,409600,3
2105,640,640,1.0,409600,1
2106,640,640,1.0,409600,1
2107,640,640,1.0,409600,1
2108,640,640,1.0,409600,1
2109,640,640,1.0,409600,3
2110,640,640,1.0,409600,1
2111,640,640,1.0,409600,1
2112,640,640,1.0,409600,3
2113,640,640,1.0,409600,1
2114,640,640,1.0,409600,1
2115,640,640,1.0,409600,1
2116,640,640,1.0,409600,2
2117,640,640,1.0,409600,1
2118,640,640,1.0,409600,1
2119,640,640,1.0,409600,1
2120,640,640,1.0,409600,4
2121,640,640,1.0,409600,4
2122,640,640,1.0,409600,1
2123,640,640,1.0,409600,1
2124,640,640,1.0,409600,2
2125,640,640,1.0,409600,2
2126,640,640,1.0,409600,1
2127,640,640,1.0,409600,1
2128,640,640,1.0,409600,4
2129,640,640,1.0,409600,1
2130,640,640,1.0,409600,3
2131,640,640,1.0,409600,8
2132,640,640,1.0,409600,1
2133,640,640,1.0,409600,1
2134,640,640,1.0,409600,5
2135,640,640,1.0,409600,3
2136,640,640,1.0,409600,2
2137,640,640,1.0,409600,2
2138,640,640,1.0,409600,1
2139,640,640,1.0,409600,1
2140,640,640,1.0,409600,1
2141,640,640,1.0,409600,1
2142,640,640,1.0,409600,1
2143,640,640,1.0,409600,3
2144,640,640,1.0,409600,1
2145,640,640,1.0,409600,2
2146,640,640,1.0,409600,1
2147,640,640,1.0,409600,1
2148,640,640,1.0,409600,3
2149,640,640,1.0,409600,3
2150,640,640,1.0,409600,1
2151,640,640,1.0,409600,1
2152,640,640,1.0,409600,5
2153,640,640,1.0,409600,6
2154,640,640,1.0,409600,2
2155,640,640,1.0,409600,1
2156,640,640,1.0,409600,1
2157,640,640,1.0,409600,1
2158,640,640,1.0,409600,1
2159,640,640,1.0,409600,2
2160,640,640,1.0,409600,1
2161,640,640,1.0,409600,1
2162,640,640,1.0,409600,1
2163,640,640,1.0,409600,3
2164,640,640,1.0,409600,1
2165,640,640,1.0,409600,1
2166,640,640,1.0,409600,9
2167,640,640,1.0,409600,1
2168,640,640,1.0,409600,4
2169,640,640,1.0,409600,2
2170,640,640,1.0,409600,2
2171,640,640,1.0,409600,1
2172,640,640,1.0,409600,9
2173,640,640,1.0,409600,1
2174,640,640,1.0,409600,7
2175,640,640,1.0,409600,1
2176,640,640,1.0,409600,2
2177,640,640,1.0,409600,1
2178,640,640,1.0,409600,1
2179,640,640,1.0,409600,1
2180,640,640,1.0,409600,1
2181,640,640,1.0,409600,1
2182,640,640,1.0,409600,1
2183,640,640,1.0,409600,2
2184,640,640,1.0,409600,2
2185,640,640,1.0,409600,1
2186,640,640,1.0,409600,1
2187,640,640,1.0,409600,1
2188,640,640,1.0,409600,4
2189,640,640,1.0,409600,1
2190,640,640,1.0,409600,1
2191,640,640,1.0,409600,1
2192,640,640,1.0,409600,3
2193,640,640,1.0,409600,1
2194,640,640,1.0,409600,1
2195,640,640,1.0,409600,1
2196,640,640,1.0,409600,1
2197,640,640,1.0,409600,2
2198,640,640,1.0,409600,4
2199,640,640,1.0,409600,4
2200,640,640,1.0,409600,5
2201,640,640,1.0,409600,2
2202,640,640,1.0,409600,1
2203,640,640,1.0,409600,1
2204,640,640,1.0,409600,1
2205,640,640,1.0,409600,2
2206,640,640,1.0,409600,3
2207,640,640,1.0,409600,3
2208,640,640,1.0,409600,1
2209,640,640,1.0,409600,1
2210,640,640,1.0,409600,2
2211,640,640,1.0,409600,1
2212,640,640,1.0,409600,1
2213,640,640,1.0,409600,5
2214,640,640,1.0,409600,1
2215,640,640,1.0,409600,1
2216,640,640,1.0,409600,1
2217,640,640,1.0,409600,7
2218,640,640,1.0,409600,1
2219,640,640,1.0,409600,1
2220,640,640,1.0,409600,1
2221,640,640,1.0,409600,1
2222,640,640,1.0,409600,8
2223,640,640,1.0,409600,1
2224,640,640,1.0,409600,1
2225,640,640,1.0,409600,6
2226,640,640,1.0,409600,1
2227,640,640,1.0,409600,4
2228,640,640,1.0,409600,1
2229,640,640,1.0,409600,1
2230,640,640,1.0,409600,2
2231,640,640,1.0,409600,1
2232,640,640,1.0,409600,3
2233,640,640,1.0,409600,1
2234,640,640,1.0,409600,6
2235,640,640,1.0,409600,1
2236,640,640,1.0,409600,1
2237,640,640,1.0,409600,1
2238,640,640,1.0,409600,2
2239,640,640,1.0,409600,1
2240,640,640,1.0,409600,1
2241,640,640,1.0,409600,1
2242,640,640,1.0,409600,2
2243,640,640,1.0,409600,1
2244,640,640,1.0,409600,1
2245,640,640,1.0,409600,1
2246,640,640,1.0,409600,3
2247,640,640,1.0,409600,3
2248,640,640,1.0,409600,1
2249,640,640,1.0,409600,1
2250,640,640,1.0,409600,8
2251,640,640,1.0,409600,1
2252,640,640,1.0,409600,1
2253,640,640,1.0,409600,1
2254,640,640,1.0,409600,1
2255,640,640,1.0,409600,1
2256,640,640,1.0,409600,4
2257,640,640,1.0,409600,3
2258,640,640,1.0,409600,2
2259,640,640,1.0,409600,1
2260,640,640,1.0,409600,4
2261,640,640,1.0,409600,3
2262,640,640,1.0,409600,1
2263,640,640,1.0,409600,3
2264,640,640,1.0,409600,1
2265,640,640,1.0,409600,1
2266,640,640,1.0,409600,1
2267,640,640,1.0,409600,1
2268,640,640,1.0,409600,1
2269,640,640,1.0,409600,1
2270,640,640,1.0,409600,1
2271,640,640,1.0,409600,2
2272,640,640,1.0,409600,1
2273,640,640,1.0,409600,1
2274,640,640,1.0,409600,5
2275,640,640,1.0,409600,5
2276,640,640,1.0,409600,1
2277,640,640,1.0,409600,4
2278,640,640,1.0,409600,1
2279,640,640,1.0,409600,1
2280,640,640,1.0,409600,4
2281,640,640,1.0,409600,7
2282,640,640,1.0,409600,1
2283,640,640,1.0,409600,1
2284,640,640,1.0,409600,3
2285,640,640,1.0,409600,1
2286,640,640,1.0,409600,1
2287,640,640,1.0,409600,2
2288,640,640,1.0,409600,1
2289,640,640,1.0,409600,1
2290,640,640,1.0,409600,3
2291,640,640,1.0,409600,5
2292,640,640,1.0,409600,1
2293,640,640,1.0,409600,1
2294,640,640,1.0,409600,6
2295,640,640,1.0,409600,1
2296,640,640,1.0,409600,5
2297,640,640,1.0,409600,1
2298,640,640,1.0,409600,1
2299,640,640,1.0,409600,2
2300,640,640,1.0,409600,3
2301,640,640,1.0,409600,2
2302,640,640,1.0,409600,6
2303,640,640,1.0,409600,9
2304,640,640,1.0,409600,1
2305,640,640,1.0,409600,1
2306,640,640,1.0,409600,1
2307,640,640,1.0,409600,4
2308,640,640,1.0,409600,1
2309,640,640,1.0,409600,1
2310,640,640,1.0,409600,1
2311,640,640,1.0,409600,3
2312,640,640,1.0,409600,1
2313,640,640,1.0,409600,6
2314,640,640,1.0,409600,2
2315,640,640,1.0,409600,1
2316,640,640,1.0,409600,1
2317,640,640,1.0,409600,3
2318,640,640,1.0,409600,1
2319,640,640,1.0,409600,1
2320,640,640,1.0,409600,3
2321,640,640,1.0,409600,5
2322,640,640,1.0,409600,1
2323,640,640,1.0,409600,8
2324,640,640,1.0,409600,1
2325,640,640,1.0,409600,2
2326,640,640,1.0,409600,3
2327,640,640,1.0,409600,1
2328,640,640,1.0,409600,1
2329,640,640,1.0,409600,1
2330,640,640,1.0,409600,3
2331,640,640,1.0,409600,3
2332,640,640,1.0,409600,1
2333,640,640,1.0,409600,2
2334,640,640,1.0,409600,3
2335,640,640,1.0,409600,2
2336,640,640,1.0,409600,1
2337,640,640,1.0,409600,7
2338,640,640,1.0,409600,10
2339,640,640,1.0,409600,1
2340,640,640,1.0,409600,2
2341,640,640,1.0,409600,4
2342,640,640,1.0,409600,1
2343,640,640,1.0,409600,6
2344,640,640,1.0,409600,1
2345,640,640,1.0,409600,8
2346,640,640,1.0,409600,1
2347,640,640,1.0,409600,1
2348,640,640,1.0,409600,1
2349,640,640,1.0,409600,1
2350,640,640,1.0,409600,1
2351,640,640,1.0,409600,1
2352,640,640,1.0,409600,1
2353,640,640,1.0,409600,2
2354,640,640,1.0,409600,1
2355,640,640,1.0,409600,1
2356,640,640,1.0,409600,3
2357,640,640,1.0,409600,1
2358,640,640,1.0,409600,1
2359,640,640,1.0,409600,6
2360,640,640,1.0,409600,1
2361,640,640,1.0,409600,1
2362,640,640,1.0,409600,1
2363,640,640,1.0,409600,2
2364,640,640,1.0,409600,1
2365,640,640,1.0,409600,1
2366,640,640,1.0,409600,1
2367,640,640,1.0,409600,3
2368,640,640,1.0,409600,2
2369,640,640,1.0,409600,1
2370,640,640,1.0,409600,1
2371,640,640,1.0,409600,2
2372,640,640,1.0,409600,1
2373,640,640,1.0,409600,1
2374,640,640,1.0,409600,1
2375,640,640,1.0,409600,1
2376,640,640,1.0,409600,1
2377,640,640,1.0,409600,1
2378,640,640,1.0,409600,1
2379,640,640,1.0,409600,1
2380,640,640,1.0,409600,2
2381,640,640,1.0,409600,3
2382,640,640,1.0,409600,2
2383,640,640,1.0,409600,1
2384,640,640,1.0,409600,5
2385,640,640,1.0,409600,1
2386,640,640,1.0,409600,2
2387,640,640,1.0,409600,1
2388,640,640,1.0,409600,1
2389,640,640,1.0,409600,4
2390,640,640,1.0,409600,1
2391,640,640,1.0,409600,1
2392,640,640,1.0,409600,1
2393,640,640,1.0,409600,2
2394,640,640,1.0,409600,2
2395,640,640,1.0,409600,1
2396,640,640,1.0,409600,2
2397,640,640,1.0,409600,1
2398,640,640,1.0,409600,1
2399,640,640,1.0,409600,3
2400,640,640,1.0,409600,2
2401,640,640,1.0,409600,1
2402,640,640,1.0,409600,1
2403,640,640,1.0,409600,1
2404,640,640,1.0,409600,1
2405,640,640,1.0,409600,2
2406,640,640,1.0,409600,1
2407,640,640,1.0,409600,1
2408,640,640,1.0,409600,3
2409,640,640,1.0,409600,1
2410,640,640,1.0,409600,1
2411,640,640,1.0,409600,5
2412,640,640,1.0,409600,3
2413,640,640,1.0,409600,2
2414,640,640,1.0,409600,3
2415,640,640,1.0,409600,1
2416,640,640,1.0,409600,1
2417,640,640,1.0,409600,1
2418,640,640,1.0,409600,1
2419,640,640,1.0,409600,2
2420,640,640,1.0,409600,1
2421,640,640,1.0,409600,2
2422,640,640,1.0,409600,1
2423,640,640,1.0,409600,2
2424,640,640,1.0,409600,1
2425,640,640,1.0,409600,1
2426,640,640,1.0,409600,2
2427,640,640,1.0,409600,1
2428,640,640,1.0,409600,2
2429,640,640,1.0,409600,4
2430,640,640,1.0,409600,1
2431,640,640,1.0,409600,2
2432,640,640,1.0,409600,9
2433,640,640,1.0,409600,1
2434,640,640,1.0,409600,2
2435,640,640,1.0,409600,2
2436,640,640,1.0,409600,1
2437,640,640,1.0,409600,3
2438,640,640,1.0,409600,2
2439,640,640,1.0,409600,1
2440,640,640,1.0,409600,1
2441,640,640,1.0,409600,2
2442,640,640,1.0,409600,1
2443,640,640,1.0,409600,1
2444,640,640,1.0,409600,1
2445,640,640,1.0,409600,2
2446,640,640,1.0,409600,3
2447,640,640,1.0,409600,4
2448,640,640,1.0,409600,1
2449,640,640,1.0,409600,2
2450,640,640,1.0,409600,3
2451,640,640,1.0,409600,2
2452,640,640,1.0,409600,3
2453,640,640,1.0,409600,1
2454,640,640,1.0,409600,2
2455,640,640,1.0,409600,2
2456,640,640,1.0,409600,1
2457,640,640,1.0,409600,1
2458,640,640,1.0,409600,4
2459,640,640,1.0,409600,1
2460,640,640,1.0,409600,1
2461,640,640,1.0,409600,1
2462,640,640,1.0,409600,1
2463,640,640,1.0,409600,3
2464,640,640,1.0,409600,4
2465,640,640,1.0,409600,1
2466,640,640,1.0,409600,1
2467,640,640,1.0,409600,1
2468,640,640,1.0,409600,1
2469,640,640,1.0,409600,1
2470,640,640,1.0,409600,3
2471,640,640,1.0,409600,1
2472,640,640,1.0,409600,2
2473,640,640,1.0,409600,1
2474,640,640,1.0,409600,2
2475,640,640,1.0,409600,13
2476,640,640,1.0,409600,1
2477,640,640,1.0,409600,1
2478,640,640,1.0,409600,1
2479,640,640,1.0,409600,1
2480,640,640,1.0,409600,1
2481,640,640,1.0,409600,1
2482,640,640,1.0,409600,1
2483,640,640,1.0,409600,1
2484,640,640,1.0,409600,2
2485,640,640,1.0,409600,1
2486,640,640,1.0,409600,1
2487,640,640,1.0,409600,4
2488,640,640,1.0,409600,3
2489,640,640,1.0,409600,1
2490,640,640,1.0,409600,1
2491,640,640,1.0,409600,3
2492,640,640,1.0,409600,2
2493,640,640,1.0,409600,1
2494,640,640,1.0,409600,1
2495,640,640,1.0,409600,1
2496,640,640,1.0,409600,3
2497,640,640,1.0,409600,1
2498,640,640,1.0,409600,1
2499,640,640,1.0,409600,7
2500,640,640,1.0,409600,2
2501,640,640,1.0,409600,1
2502,640,640,1.0,409600,2
2503,640,640,1.0,409600,1
2504,640,640,1.0,409600,1
2505,640,640,1.0,409600,1
2506,640,640,1.0,409600,1
2507,640,640,1.0,409600,1
2508,640,640,1.0,409600,3
2509,640,640,1.0,409600,4
2510,640,640,1.0,409600,3
2511,640,640,1.0,409600,1
2512,640,640,1.0,409600,1
2513,640,640,1.0,409600,1
2514,640,640,1.0,409600,4
2515,640,640,1.0,409600,2
2516,640,640,1.0,409600,5
2517,640,640,1.0,409600,2
2518,640,640,1.0,409600,2
2519,640,640,1.0,409600,2
2520,640,640,1.0,409600,1
2521,640,640,1.0,409600,1
2522,640,640,1.0,409600,1
2523,640,640,1.0,409600,1
2524,640,640,1.0,409600,1
2525,640,640,1.0,409600,1
2526,640,640,1.0,409600,4
2527,640,640,1.0,409600,2
2528,640,640,1.0,409600,1
2529,640,640,1.0,409600,1
2530,640,640,1.0,409600,1
2531,640,640,1.0,409600,1
2532,640,640,1.0,409600,2
2533,640,640,1.0,409600,3
2534,640,640,1.0,409600,2
2535,640,640,1.0,409600,5
2536,640,640,1.0,409600,1
2537,640,640,1.0,409600,1
2538,640,640,1.0,409600,1
2539,640,640,1.0,409600,1
2540,640,640,1.0,409600,1
2541,640,640,1.0,409600,2
2542,640,640,1.0,409600,5
2543,640,640,1.0,409600,1
2544,640,640,1.0,409600,5
2545,640,640,1.0,409600,2
2546,640,640,1.0,409600,6
2547,640,640,1.0,409600,1
2548,640,640,1.0,409600,1
2549,640,640,1.0,409600,1
2550,640,640,1.0,409600,1
2551,640,640,1.0,409600,1
2552,640,640,1.0,409600,3
2553,640,640,1.0,409600,1
2554,640,640,1.0,409600,1
2555,640,640,1.0,409600,3
2556,640,640,1.0,409600,1
2557,640,640,1.0,409600,1
2558,640,640,1.0,409600,1
2559,640,640,1.0,409600,1
2560,640,640,1.0,409600,1
2561,640,640,1.0,409600,3
2562,640,640,1.0,409600,1
2563,640,640,1.0,409600,2
2564,640,640,1.0,409600,5
2565,640,640,1.0,409600,1
2566,640,640,1.0,409600,1
2567,640,640,1.0,409600,2
2568,640,640,1.0,409600,1
2569,640,640,1.0,409600,1
2570,640,640,1.0,409600,1
2571,640,640,1.0,409600,1
2572,640,640,1.0,409600,2
2573,640,640,1.0,409600,1
2574,640,640,1.0,409600,1
2575,640,640,1.0,409600,1
2576,640,640,1.0,409600,2
2577,640,640,1.0,409600,1
2578,640,640,1.0,409600,4
2579,640,640,1.0,409600,1
2580,640,640,1.0,409600,2
2581,640,640,1.0,409600,1
2582,640,640,1.0,409600,1
2583,640,640,1.0,409600,2
2584,640,640,1.0,409600,1
2585,640,640,1.0,409600,2
2586,640,640,1.0,409600,1
2587,640,640,1.0,409600,1
2588,640,640,1.0,409600,2
2589,640,640,1.0,409600,1
2590,640,640,1.0,409600,1
2591,640,640,1.0,409600,2
2592,640,640,1.0,409600,1
2593,640,640,1.0,409600,1
2594,640,640,1.0,409600,1
2595,640,640,1.0,409600,3
2596,640,640,1.0,409600,1
2597,640,640,1.0,409600,1
2598,640,640,1.0,409600,1
2599,640,640,1.0,409600,1
2600,640,640,1.0,409600,1
2601,640,640,1.0,409600,2
2602,640,640,1.0,409600,1
2603,640,640,1.0,409600,1
2604,640,640,1.0,409600,3
2605,640,640,1.0,409600,6
2606,640,640,1.0,409600,1
2607,640,640,1.0,409600,1
2608,640,640,1.0,409600,1
2609,640,640,1.0,409600,2
2610,640,640,1.0,409600,1
2611,640,640,1.0,409600,1
2612,640,640,1.0,409600,2
2613,640,640,1.0,409600,1
2614,640,640,1.0,409600,1
2615,640,640,1.0,409600,9
2616,640,640,1.0,409600,1
2617,640,640,1.0,409600,1
2618,640,640,1.0,409600,3
2619,640,640,1.0,409600,1
2620,640,640,1.0,409600,2
2621,640,640,1.0,409600,1
2622,640,640,1.0,409600,3
2623,640,640,1.0,409600,1
2624,640,640,1.0,409600,1
2625,640,640,1.0,409600,1
2626,640,640,1.0,409600,1
2627,640,640,1.0,409600,1
2628,640,640,1.0,409600,2
2629,640,640,1.0,409600,1
2630,640,640,1.0,409600,2
2631,640,640,1.0,409600,1
2632,640,640,1.0,409600,1
2633,640,640,1.0,409600,1
2634,640,640,1.0,409600,5
2635,640,640,1.0,409600,1
2636,640,640,1.0,409600,1
2637,640,640,1.0,409600,1
2638,640,640,1.0,409600,1
2639,640,640,1.0,409600,1
2640,640,640,1.0,409600,4
2641,640,640,1.0,409600,2
2642,640,640,1.0,409600,4
2643,640,640,1.0,409600,2
2644,640,640,1.0,409600,1
2645,640,640,1.0,409600,6
2646,640,640,1.0,409600,1
2647,640,640,1.0,409600,5
2648,640,640,1.0,409600,2
2649,640,640,1.0,409600,1
2650,640,640,1.0,409600,1
2651,640,640,1.0,409600,1
2652,640,640,1.0,409600,1
2653,640,640,1.0,409600,1
2654,640,640,1.0,409600,3
2655,640,640,1.0,409600,1
2656,640,640,1.0,409600,3
2657,640,640,1.0,409600,2
2658,640,640,1.0,409600,1
2659,640,640,1.0,409600,1
2660,640,640,1.0,409600,2
2661,640,640,1.0,409600,1
2662,640,640,1.0,409600,2
2663,640,640,1.0,409600,1
2664,640,640,1.0,409600,2
2665,640,640,1.0,409600,1
2666,640,640,1.0,409600,1
2667,640,640,1.0,409600,1
2668,640,640,1.0,409600,1
2669,640,640,1.0,409600,1
2670,640,640,1.0,409600,1
2671,640,640,1.0,409600,1
2672,640,640,1.0,409600,1
2673,640,640,1.0,409600,3
2674,640,640,1.0,409600,1
2675,640,640,1.0,409600,1
2676,640,640,1.0,409600,4
2677,640,640,1.0,409600,1
2678,640,640,1.0,409600,6
2679,640,640,1.0,409600,1
2680,640,640,1.0,409600,2
2681,640,640,1.0,409600,1
2682,640,640,1.0,409600,2
2683,640,640,1.0,409600,2
2684,640,640,1.0,409600,1
2685,640,640,1.0,409600,2
2686,640,640,1.0,409600,1
2687,640,640,1.0,409600,5
2688,640,640,1.0,409600,1
2689,640,640,1.0,409600,1
2690,640,640,1.0,409600,1
2691,640,640,1.0,409600,1
2692,640,640,1.0,409600,1
2693,640,640,1.0,409600,1
2694,640,640,1.0,409600,1
2695,640,640,1.0,409600,1
2696,640,640,1.0,409600,1
2697,640,640,1.0,409600,2
2698,640,640,1.0,409600,1
2699,640,640,1.0,409600,1
2700,640,640,1.0,409600,1
2701,640,640,1.0,409600,2
2702,640,640,1.0,409600,1
2703,640,640,1.0,409600,1
2704,640,640,1.0,409600,3
2705,640,640,1.0,409600,1
2706,640,640,1.0,409600,1
2707,640,640,1.0,409600,1
2708,640,640,1.0,409600,1
2709,640,640,1.0,409600,1
2710,640,640,1.0,409600,1
2711,640,640,1.0,409600,1
2712,640,640,1.0,409600,1
2713,640,640,1.0,409600,2
2714,640,640,1.0,409600,2
2715,640,640,1.0,409600,1
2716,640,640,1.0,409600,1
2717,640,640,1.0,409600,2
2718,640,640,1.0,409600,4
2719,640,640,1.0,409600,1
2720,640,640,1.0,409600,1
2721,640,640,1.0,409600,1
2722,640,640,1.0,409600,2
2723,640,640,1.0,409600,3
2724,640,640,1.0,409600,1
2725,640,640,1.0,409600,1
2726,640,640,1.0,409600,2
2727,640,640,1.0,409600,2
2728,640,640,1.0,409600,4
2729,640,640,1.0,409600,3
2730,640,640,1.0,409600,1
2731,640,640,1.0,409600,2
2732,640,640,1.0,409600,1
2733,640,640,1.0,409600,2
2734,640,640,1.0,409600,1
2735,640,640,1.0,409600,1
2736,640,640,1.0,409600,6
2737,640,640,1.0,409600,2
2738,640,640,1.0,409600,1
2739,640,640,1.0,409600,3
2740,640,640,1.0,409600,1
2741,640,640,1.0,409600,5
2742,640,640,1.0,409600,1
2743,640,640,1.0,409600,2
2744,640,640,1.0,409600,1
2745,640,640,1.0,409600,1
2746,640,640,1.0,409600,2
2747,640,640,1.0,409600,1
2748,640,640,1.0,409600,1
2749,640,640,1.0,409600,1
2750,640,640,1.0,409600,1
2751,640,640,1.0,409600,5
2752,640,640,1.0,409600,1
2753,640,640,1.0,409600,6
2754,640,640,1.0,409600,3
2755,640,640,1.0,409600,3
2756,640,640,1.0,409600,1
2757,640,640,1.0,409600,2
2758,640,640,1.0,409600,2
2759,640,640,1.0,409600,2
2760,640,640,1.0,409600,5
2761,640,640,1.0,409600,3
2762,640,640,1.0,409600,3
2763,640,640,1.0,409600,2
2764,640,640,1.0,409600,1
2765,640,640,1.0,409600,1
2766,640,640,1.0,409600,1
2767,640,640,1.0,409600,1
2768,640,640,1.0,409600,2
2769,640,640,1.0,409600,1
2770,640,640,1.0,409600,3
2771,640,640,1.0,409600,2
2772,640,640,1.0,409600,2
2773,640,640,1.0,409600,1
2774,640,640,1.0,409600,10
2775,640,640,1.0,409600,3
2776,640,640,1.0,409600,1
2777,640,640,1.0,409600,3
2778,640,640,1.0,409600,3
2779,640,640,1.0,409600,2
2780,640,640,1.0,409600,1
2781,640,640,1.0,409600,1
2782,640,640,1.0,409600,3
2783,640,640,1.0,409600,1
2784,640,640,1.0,409600,1
2785,640,640,1.0,409600,2
2786,640,640,1.0,409600,1
2787,640,640,1.0,409600,1
2788,640,640,1.0,409600,4
2789,640,640,1.0,409600,1
2790,640,640,1.0,409600,1
2791,640,640,1.0,409600,1
2792,640,640,1.0,409600,1
2793,640,640,1.0,409600,1
2794,640,640,1.0,409600,3
2795,640,640,1.0,409600,3
2796,640,640,1.0,409600,1
2797,640,640,1.0,409600,2
2798,640,640,1.0,409600,1
2799,640,640,1.0,409600,1
2800,640,640,1.0,409600,5
2801,640,640,1.0,409600,1
2802,640,640,1.0,409600,4
2803,640,640,1.0,409600,1
2804,640,640,1.0,409600,1
2805,640,640,1.0,409600,2
2806,640,640,1.0,409600,5
2807,640,640,1.0,409600,2
2808,640,640,1.0,409600,1
2809,640,640,1.0,409600,2
2810,640,640,1.0,409600,5
2811,640,640,1.0,409600,1
2812,640,640,1.0,409600,3
2813,640,640,1.0,409600,1
2814,640,640,1.0,409600,1
2815,640,640,1.0,409600,1
2816,640,640,1.0,409600,1
2817,640,640,1.0,409600,1
2818,640,640,1.0,409600,1
2819,640,640,1.0,409600,1
2820,640,640,1.0,409600,3
2821,640,640,1.0,409600,1
2822,640,640,1.0,409600,1
2823,640,640,1.0,409600,1
2824,640,640,1.0,409600,3
2825,640,640,1.0,409600,6
2826,640,640,1.0,409600,1
2827,640,640,1.0,409600,1
2828,640,640,1.0,409600,1
2829,640,640,1.0,409600,9
2830,640,640,1.0,409600,3
2831,640,640,1.0,409600,3
2832,640,640,1.0,409600,1
2833,640,640,1.0,409600,2
2834,640,640,1.0,409600,2
2835,640,640,1.0,409600,2
2836,640,640,1.0,409600,8
2837,640,640,1.0,409600,1
2838,640,640,1.0,409600,1
2839,640,640,1.0,409600,1
2840,640,640,1.0,409600,1
2841,640,640,1.0,409600,3
2842,640,640,1.0,409600,1
2843,640,640,1.0,409600,12
2844,640,640,1.0,409600,1
2845,640,640,1.0,409600,1
2846,640,640,1.0,409600,4
2847,640,640,1.0,409600,7
2848,640,640,1.0,409600,2
2849,640,640,1.0,409600,1
2850,640,640,1.0,409600,2
2851,640,640,1.0,409600,1
2852,640,640,1.0,409600,1
2853,640,640,1.0,409600,3
2854,640,640,1.0,409600,3
2855,640,640,1.0,409600,1
2856,640,640,1.0,409600,3
2857,640,640,1.0,409600,1
2858,640,640,1.0,409600,1
2859,640,640,1.0,409600,1
2860,640,640,1.0,409600,1
2861,640,640,1.0,409600,1
2862,640,640,1.0,409600,2
2863,640,640,1.0,409600,1
2864,640,640,1.0,409600,1
2865,640,640,1.0,409600,2
2866,640,640,1.0,409600,1
2867,640,640,1.0,409600,3
2868,640,640,1.0,409600,1
2869,640,640,1.0,409600,1
2870,640,640,1.0,409600,2
2871,640,640,1.0,409600,3
2872,640,640,1.0,409600,2
2873,640,640,1.0,409600,1
2874,640,640,1.0,409600,1
2875,640,640,1.0,409600,3
2876,640,640,1.0,409600,1
2877,640,640,1.0,409600,1
2878,640,640,1.0,409600,1
2879,640,640,1.0,409600,1
2880,640,640,1.0,409600,3
2881,640,640,1.0,409600,1
2882,640,640,1.0,409600,1
2883,640,640,1.0,409600,1
2884,640,640,1.0,409600,1
2885,640,640,1.0,409600,1
2886,640,640,1.0,409600,1
2887,640,640,1.0,409600,5
2888,640,640,1.0,409600,2
2889,640,640,1.0,409600,1
2890,640,640,1.0,409600,1
2891,640,640,1.0,409600,1
2892,640,640,1.0,409600,5
2893,640,640,1.0,409600,1
2894,640,640,1.0,409600,1
2895,640,640,1.0,409600,1
2896,640,640,1.0,409600,5
2897,640,640,1.0,409600,3
2898,640,640,1.0,409600,4
2899,640,640,1.0,409600,1
2900,640,640,1.0,409600,1
2901,640,640,1.0,409600,1
2902,640,640,1.0,409600,1
2903,640,640,1.0,409600,1
2904,640,640,1.0,409600,5
2905,640,640,1.0,409600,1
2906,640,640,1.0,409600,1
2907,640,640,1.0,409600,2
2908,640,640,1.0,409600,1
2909,640,640,1.0,409600,6
2910,640,640,1.0,409600,2
2911,640,640,1.0,409600,1
2912,640,640,1.0,409600,1
2913,640,640,1.0,409600,1
2914,640,640,1.0,409600,3
2915,640,640,1.0,409600,1
2916,640,640,1.0,409600,1
2917,640,640,1.0,409600,6
2918,640,640,1.0,409600,2
2919,640,640,1.0,409600,2
2920,640,640,1.0,409600,1
2921,640,640,1.0,409600,1
2922,640,640,1.0,409600,2
2923,640,640,1.0,409600,1
2924,640,640,1.0,409600,1
2925,640,640,1.0,409600,1
2926,640,640,1.0,409600,2
2927,640,640,1.0,409600,6
2928,640,640,1.0,409600,1
2929,640,640,1.0,409600,1
2930,640,640,1.0,409600,3
2931,640,640,1.0,409600,2
2932,640,640,1.0,409600,1
2933,640,640,1.0,409600,1
2934,640,640,1.0,409600,1
2935,640,640,1.0,409600,1
2936,640,640,1.0,409600,1
2937,640,640,1.0,409600,1
2938,640,640,1.0,409600,1
2939,640,640,1.0,409600,1
2940,640,640,1.0,409600,4
2941,640,640,1.0,409600,1
2942,640,640,1.0,409600,1
2943,640,640,1.0,409600,1
2944,640,640,1.0,409600,2
2945,640,640,1.0,409600,1
2946,640,640,1.0,409600,1
2947,640,640,1.0,409600,1
2948,640,640,1.0,409600,1
2949,640,640,1.0,409600,3
2950,640,640,1.0,409600,1
2951,640,640,1.0,409600,3
2952,640,640,1.0,409600,1
2953,640,640,1.0,409600,1
2954,640,640,1.0,409600,6
2955,640,640,1.0,409600,3
2956,640,640,1.0,409600,1
2957,640,640,1.0,409600,1
2958,640,640,1.0,409600,2
2959,640,640,1.0,409600,3
2960,640,640,1.0,409600,1
2961,640,640,1.0,409600,1
2962,640,640,1.0,409600,1
2963,640,640,1.0,409600,1
2964,640,640,1.0,409600,1
2965,640,640,1.0,409600,1
2966,640,640,1.0,409600,2
2967,640,640,1.0,409600,3
2968,640,640,1.0,409600,1
2969,640,640,1.0,409600,3
2970,640,640,1.0,409600,1
2971,640,640,1.0,409600,1
2972,640,640,1.0,409600,6
2973,640,640,1.0,409600,1
2974,640,640,1.0,409600,1
2975,640,640,1.0,409600,3
2976,640,640,1.0,409600,1
2977,640,640,1.0,409600,1
2978,640,640,1.0,409600,3
2979,640,640,1.0,409600,3
2980,640,640,1.0,409600,1
2981,640,640,1.0,409600,2
2982,640,640,1.0,409600,1
2983,640,640,1.0,409600,1
2984,640,640,1.0,409600,1
2985,640,640,1.0,409600,3
2986,640,640,1.0,409600,1
2987,640,640,1.0,409600,1
2988,640,640,1.0,409600,2
2989,640,640,1.0,409600,1
2990,640,640,1.0,409600,2
2991,640,640,1.0,409600,1
2992,640,640,1.0,409600,2
2993,640,640,1.0,409600,1
2994,640,640,1.0,409600,3
2995,640,640,1.0,409600,6
2996,640,640,1.0,409600,1
2997,640,640,1.0,409600,1
2998,640,640,1.0,409600,1
2999,640,640,1.0,409600,1
3000,640,640,1.0,409600,3
3001,640,640,1.0,409600,3
3002,640,640,1.0,409600,2
3003,640,640,1.0,409600,2
3004,640,640,1.0,409600,1
3005,640,640,1.0,409600,1
3006,640,640,1.0,409600,4
3007,640,640,1.0,409600,2
3008,640,640,1.0,409600,2
3009,640,640,1.0,409600,1
3010,640,640,1.0,409600,2
3011,640,640,1.0,409600,1
3012,640,640,1.0,409600,1
3013,640,640,1.0,409600,1
3014,640,640,1.0,409600,1
3015,640,640,1.0,409600,2
3016,640,640,1.0,409600,1
3017,640,640,1.0,409600,1
3018,640,640,1.0,409600,3
3019,640,640,1.0,409600,1
3020,640,640,1.0,409600,1
3021,640,640,1.0,409600,1
3022,640,640,1.0,409600,1
3023,640,640,1.0,409600,2
3024,640,640,1.0,409600,1
3025,640,640,1.0,409600,2
3026,640,640,1.0,409600,2
3027,640,640,1.0,409600,4
3028,640,640,1.0,409600,1
3029,640,640,1.0,409600,1
3030,640,640,1.0,409600,1
3031,640,640,1.0,409600,7
3032,640,640,1.0,409600,5
3033,640,640,1.0,409600,2
3034,640,640,1.0,409600,4
3035,640,640,1.0,409600,1
3036,640,640,1.0,409600,3
3037,640,640,1.0,409600,6
3038,640,640,1.0,409600,1
3039,640,640,1.0,409600,1
3040,640,640,1.0,409600,1
3041,640,640,1.0,409600,1
3042,640,640,1.0,409600,3
3043,640,640,1.0,409600,2
3044,640,640,1.0,409600,1
3045,640,640,1.0,409600,1
3046,640,640,1.0,409600,1
3047,640,640,1.0,409600,1
3048,640,640,1.0,409600,1
3049,640,640,1.0,409600,1
3050,640,640,1.0,409600,1
3051,640,640,1.0,409600,1
3052,640,640,1.0,409600,1
3053,640,640,1.0,409600,1
3054,640,640,1.0,409600,1
3055,640,640,1.0,409600,1
3056,640,640,1.0,409600,3
3057,640,640,1.0,409600,2
3058,640,640,1.0,409600,1
3059,640,640,1.0,409600,2
3060,640,640,1.0,409600,1
3061,640,640,1.0,409600,10
3062,640,640,1.0,409600,1
3063,640,640,1.0,409600,3
3064,640,640,1.0,409600,1
3065,640,640,1.0,409600,1
3066,640,640,1.0,409600,1
3067,640,640,1.0,409600,1
3068,640,640,1.0,409600,2
3069,640,640,1.0,409600,8
3070,640,640,1.0,409600,2
3071,640,640,1.0,409600,3
3072,640,640,1.0,409600,1
3073,640,640,1.0,409600,1
3074,640,640,1.0,409600,1
3075,640,640,1.0,409600,4
3076,640,640,1.0,409600,2
3077,640,640,1.0,409600,1
3078,640,640,1.0,409600,1
3079,640,640,1.0,409600,1
3080,640,640,1.0,409600,3
3081,640,640,1.0,409600,1
3082,640,640,1.0,409600,1
3083,640,640,1.0,409600,1
3084,640,640,1.0,409600,2
3085,640,640,1.0,409600,2
3086,640,640,1.0,409600,1
3087,640,640,1.0,409600,1
3088,640,640,1.0,409600,1
3089,640,640,1.0,409600,1
3090,640,640,1.0,409600,2
3091,640,640,1.0,409600,1
3092,640,640,1.0,409600,2
3093,640,640,1.0,409600,4
3094,640,640,1.0,409600,2
3095,640,640,1.0,409600,2
3096,640,640,1.0,409600,5
3097,640,640,1.0,409600,5
3098,640,640,1.0,409600,8
3099,640,640,1.0,409600,1
3100,640,640,1.0,409600,6
3101,640,640,1.0,409600,1
3102,640,640,1.0,409600,1
3103,640,640,1.0,409600,1
3104,640,640,1.0,409600,1
3105,640,640,1.0,409600,3
3106,640,640,1.0,409600,1
3107,640,640,1.0,409600,1
3108,640,640,1.0,409600,5
3109,640,640,1.0,409600,1
3110,640,640,1.0,409600,1
3111,640,640,1.0,409600,3
3112,640,640,1.0,409600,4
3113,640,640,1.0,409600,4
3114,640,640,1.0,409600,2
3115,640,640,1.0,409600,1
3116,640,640,1.0,409600,7
3117,640,640,1.0,409600,1
3118,640,640,1.0,409600,2
3119,640,640,1.0,409600,1
3120,640,640,1.0,409600,1
3121,640,640,1.0,409600,1
3122,640,640,1.0,409600,5
3123,640,640,1.0,409600,2
3124,640,640,1.0,409600,3
3125,640,640,1.0,409600,1
3126,640,640,1.0,409600,2
3127,640,640,1.0,409600,3
3128,640,640,1.0,409600,1
3129,640,640,1.0,409600,1
3130,640,640,1.0,409600,2
3131,640,640,1.0,409600,1
3132,640,640,1.0,409600,1
3133,640,640,1.0,409600,7
3134,640,640,1.0,409600,1
3135,640,640,1.0,409600,6
3136,640,640,1.0,409600,4
3137,640,640,1.0,409600,1
3138,640,640,1.0,409600,1
3139,640,640,1.0,409600,1
3140,640,640,1.0,409600,1
3141,640,640,1.0,409600,3
3142,640,640,1.0,409600,1
3143,640,640,1.0,409600,2
3144,640,640,1.0,409600,2
3145,640,640,1.0,409600,1
3146,640,640,1.0,409600,1
3147,640,640,1.0,409600,1
3148,640,640,1.0,409600,1
3149,640,640,1.0,409600,2
3150,640,640,1.0,409600,1
3151,640,640,1.0,409600,4
3152,640,640,1.0,409600,4
3153,640,640,1.0,409600,3
3154,640,640,1.0,409600,1
3155,640,640,1.0,409600,1
3156,640,640,1.0,409600,1
3157,640,640,1.0,409600,4
3158,640,640,1.0,409600,1
3159,640,640,1.0,409600,1
3160,640,640,1.0,409600,1
3161,640,640,1.0,409600,2
3162,640,640,1.0,409600,5
3163,640,640,1.0,409600,1
3164,640,640,1.0,409600,3
3165,640,640,1.0,409600,2
3166,640,640,1.0,409600,1
3167,640,640,1.0,409600,1
3168,640,640,1.0,409600,1
3169,640,640,1.0,409600,1
3170,640,640,1.0,409600,2
3171,640,640,1.0,409600,3
3172,640,640,1.0,409600,1
3173,640,640,1.0,409600,1
3174,640,640,1.0,409600,2
3175,640,640,1.0,409600,1
3176,640,640,1.0,409600,1
3177,640,640,1.0,409600,4
3178,640,640,1.0,409600,1
3179,640,640,1.0,409600,1
3180,640,640,1.0,409600,1
3181,640,640,1.0,409600,1
3182,640,640,1.0,409600,1
3183,640,640,1.0,409600,2
3184,640,640,1.0,409600,4
3185,640,640,1.0,409600,3
3186,640,640,1.0,409600,6
3187,640,640,1.0,409600,2
3188,640,640,1.0,409600,1
3189,640,640,1.0,409600,1
3190,640,640,1.0,409600,1
3191,640,640,1.0,409600,1
3192,640,640,1.0,409600,2
3193,640,640,1.0,409600,2
3194,640,640,1.0,409600,6
3195,640,640,1.0,409600,3
3196,640,640,1.0,409600,1
3197,640,640,1.0,409600,1
3198,640,640,1.0,409600,1
3199,640,640,1.0,409600,4
3200,640,640,1.0,409600,1
3201,640,640,1.0,409600,2
3202,640,640,1.0,409600,1
3203,640,640,1.0,409600,1
3204,640,640,1.0,409600,1
3205,640,640,1.0,409600,1
3206,640,640,1.0,409600,1
3207,640,640,1.0,409600,1
3208,640,640,1.0,409600,2
3209,640,640,1.0,409600,1
3210,640,640,1.0,409600,1
3211,640,640,1.0,409600,2
3212,640,640,1.0,409600,2
3213,640,640,1.0,409600,1
3214,640,640,1.0,409600,1
3215,640,640,1.0,409600,1
3216,640,640,1.0,409600,1
3217,640,640,1.0,409600,1
3218,640,640,1.0,409600,1
3219,640,640,1.0,409600,2
3220,640,640,1.0,409600,1
3221,640,640,1.0,409600,1
3222,640,640,1.0,409600,4
3223,640,640,1.0,409600,1
3224,640,640,1.0,409600,1
3225,640,640,1.0,409600,4
3226,640,640,1.0,409600,1
3227,640,640,1.0,409600,6
3228,640,640,1.0,409600,1
3229,640,640,1.0,409600,1
3230,640,640,1.0,409600,1
3231,640,640,1.0,409600,4
3232,640,640,1.0,409600,3
3233,640,640,1.0,409600,1
3234,640,640,1.0,409600,1
3235,640,640,1.0,409600,1
3236,640,640,1.0,409600,2
3237,640,640,1.0,409600,1
3238,640,640,1.0,409600,2
3239,640,640,1.0,409600,1
3240,640,640,1.0,409600,3
3241,640,640,1.0,409600,3
3242,640,640,1.0,409600,3
3243,640,640,1.0,409600,3
3244,640,640,1.0,409600,4
3245,640,640,1.0,409600,2
3246,640,640,1.0,409600,1
3247,640,640,1.0,409600,2
3248,640,640,1.0,409600,3
3249,640,640,1.0,409600,1
3250,640,640,1.0,409600,1
3251,640,640,1.0,409600,1
3252,640,640,1.0,409600,1
3253,640,640,1.0,409600,1
3254,640,640,1.0,409600,4
3255,640,640,1.0,409600,1
3256,640,640,1.0,409600,7
3257,640,640,1.0,409600,7
3258,640,640,1.0,409600,1
3259,640,640,1.0,409600,1
3260,640,640,1.0,409600,2
3261,640,640,1.0,409600,4
3262,640,640,1.0,409600,1
3263,640,640,1.0,409600,1
3264,640,640,1.0,409600,1
3265,640,640,1.0,409600,1
3266,640,640,1.0,409600,1
3267,640,640,1.0,409600,1
3268,640,640,1.0,409600,1
3269,640,640,1.0,409600,1
3270,640,640,1.0,409600,2
3271,640,640,1.0,409600,2
3272,640,640,1.0,409600,1
3273,640,640,1.0,409600,2
3274,640,640,1.0,409600,2
3275,640,640,1.0,409600,6
3276,640,640,1.0,409600,1
3277,640,640,1.0,409600,1
3278,640,640,1.0,409600,2
3279,640,640,1.0,409600,1
3280,640,640,1.0,409600,3
3281,640,640,1.0,409600,1
3282,640,640,1.0,409600,2
3283,640,640,1.0,409600,2
3284,640,640,1.0,409600,1
3285,640,640,1.0,409600,1
3286,640,640,1.0,409600,1
3287,640,640,1.0,409600,1
3288,640,640,1.0,409600,1
3289,640,640,1.0,409600,2
3290,640,640,1.0,409600,3
3291,640,640,1.0,409600,6
3292,640,640,1.0,409600,1
3293,640,640,1.0,409600,1
3294,640,640,1.0,409600,1
3295,640,640,1.0,409600,3
3296,640,640,1.0,409600,1
3297,640,640,1.0,409600,3
3298,640,640,1.0,409600,1
3299,640,640,1.0,409600,1
3300,640,640,1.0,409600,1
3301,640,640,1.0,409600,2
3302,640,640,1.0,409600,1
3303,640,640,1.0,409600,1
3304,640,640,1.0,409600,3
3305,640,640,1.0,409600,1
3306,640,640,1.0,409600,1
3307,640,640,1.0,409600,1
3308,640,640,1.0,409600,1
3309,640,640,1.0,409600,1
3310,640,640,1.0,409600,1
3311,640,640,1.0,409600,4
3312,640,640,1.0,409600,1
3313,640,640,1.0,409600,1
3314,640,640,1.0,409600,3
3315,640,640,1.0,409600,4
3316,640,640,1.0,409600,1
3317,640,640,1.0,409600,1
3318,640,640,1.0,409600,1
3319,640,640,1.0,409600,1
3320,640,640,1.0,409600,2
3321,640,640,1.0,409600,1
3322,640,640,1.0,409600,1
3323,640,640,1.0,409600,1
3324,640,640,1.0,409600,1
3325,640,640,1.0,409600,5
3326,640,640,1.0,409600,2
3327,640,640,1.0,409600,2
3328,640,640,1.0,409600,1
3329,640,640,1.0,409600,2
3330,640,640,1.0,409600,1
3331,640,640,1.0,409600,1
3332,640,640,1.0,409600,1
3333,640,640,1.0,409600,1
3334,640,640,1.0,409600,2
3335,640,640,1.0,409600,3
3336,640,640,1.0,409600,1
3337,640,640,1.0,409600,2
3338,640,640,1.0,409600,1
3339,640,640,1.0,409600,1
3340,640,640,1.0,409600,2
3341,640,640,1.0,409600,1
3342,640,640,1.0,409600,2
3343,640,640,1.0,409600,1
3344,640,640,1.0,409600,1
3345,640,640,1.0,409600,2
3346,640,640,1.0,409600,2
3347,640,640,1.0,409600,4
3348,640,640,1.0,409600,1
3349,640,640,1.0,409600,1
3350,640,640,1.0,409600,3
3351,640,640,1.0,409600,1
3352,640,640,1.0,409600,3
3353,640,640,1.0,409600,2
3354,640,640,1.0,409600,2
3355,640,640,1.0,409600,2
3356,640,640,1.0,409600,5
3357,640,640,1.0,409600,1
3358,640,640,1.0,409600,1
3359,640,640,1.0,409600,1
3360,640,640,1.0,409600,1
3361,640,640,1.0,409600,1
3362,640,640,1.0,409600,1
3363,640,640,1.0,409600,3
3364,640,640,1.0,409600,1
3365,640,640,1.0,409600,1
3366,640,640,1.0,409600,1
3367,640,640,1.0,409600,4
3368,640,640,1.0,409600,1
3369,640,640,1.0,409600,4
3370,640,640,1.0,409600,2
3371,640,640,1.0,409600,1
3372,640,640,1.0,409600,1
3373,640,640,1.0,409600,1
3374,640,640,1.0,409600,1
3375,640,640,1.0,409600,1
3376,640,640,1.0,409600,1
3377,640,640,1.0,409600,3
3378,640,640,1.0,409600,1
3379,640,640,1.0,409600,2
3380,640,640,1.0,409600,1
3381,640,640,1.0,409600,7
3382,640,640,1.0,409600,1
3383,640,640,1.0,409600,6
3384,640,640,1.0,409600,3
3385,640,640,1.0,409600,4
3386,640,640,1.0,409600,1
3387,640,640,1.0,409600,1
3388,640,640,1.0,409600,2
3389,640,640,1.0,409600,3
3390,640,640,1.0,409600,1
3391,640,640,1.0,409600,3
3392,640,640,1.0,409600,7
3393,640,640,1.0,409600,2
3394,640,640,1.0,409600,3
3395,640,640,1.0,409600,2
3396,640,640,1.0,409600,1
3397,640,640,1.0,409600,2
3398,640,640,1.0,409600,3
3399,640,640,1.0,409600,1
3400,640,640,1.0,409600,1
3401,640,640,1.0,409600,1
3402,640,640,1.0,409600,1
3403,640,640,1.0,409600,1
3404,640,640,1.0,409600,7
3405,640,640,1.0,409600,3
3406,640,640,1.0,409600,2
3407,640,640,1.0,409600,1
3408,640,640,1.0,409600,1
3409,640,640,1.0,409600,1
3410,640,640,1.0,409600,1
3411,640,640,1.0,409600,2
3412,640,640,1.0,409600,3
3413,640,640,1.0,409600,1
3414,640,640,1.0,409600,1
3415,640,640,1.0,409600,2
3416,640,640,1.0,409600,2
3417,640,640,1.0,409600,1
3418,640,640,1.0,409600,1
3419,640,640,1.0,409600,2
3420,640,640,1.0,409600,1
3421,640,640,1.0,409600,2
3422,640,640,1.0,409600,2
3423,640,640,1.0,409600,1
3424,640,640,1.0,409600,3
3425,640,640,1.0,409600,2
3426,640,640,1.0,409600,5
3427,640,640,1.0,409600,2
3428,640,640,1.0,409600,3
3429,640,640,1.0,409600,3
3430,640,640,1.0,409600,2
3431,640,640,1.0,409600,1
3432,640,640,1.0,409600,1
3433,640,640,1.0,409600,1
3434,640,640,1.0,409600,1
3435,640,640,1.0,409600,3
3436,640,640,1.0,409600,2
3437,640,640,1.0,409600,1
3438,640,640,1.0,409600,1
3439,640,640,1.0,409600,1
3440,640,640,1.0,409600,1
3441,640,640,1.0,409600,2
3442,640,640,1.0,409600,1
3443,640,640,1.0,409600,1
3444,640,640,1.0,409600,4
3445,640,640,1.0,409600,1
3446,640,640,1.0,409600,3
3447,640,640,1.0,409600,4
3448,640,640,1.0,409600,1
3449,640,640,1.0,409600,2
3450,640,640,1.0,409600,2
3451,640,640,1.0,409600,1
3452,640,640,1.0,409600,1
3453,640,640,1.0,409600,4
3454,640,640,1.0,409600,1
3455,640,640,1.0,409600,2
3456,640,640,1.0,409600,1
3457,640,640,1.0,409600,3
3458,640,640,1.0,409600,1
3459,640,640,1.0,409600,1
3460,640,640,1.0,409600,1
3461,640,640,1.0,409600,1
3462,640,640,1.0,409600,8
3463,640,640,1.0,409600,2
3464,640,640,1.0,409600,1
3465,640,640,1.0,409600,1
3466,640,640,1.0,409600,2
3467,640,640,1.0,409600,1
3468,640,640,1.0,409600,2
3469,640,640,1.0,409600,3
3470,640,640,1.0,409600,3
3471,640,640,1.0,409600,1
3472,640,640,1.0,409600,1
3473,640,640,1.0,409600,1
3474,640,640,1.0,409600,1
3475,640,640,1.0,409600,2
3476,640,640,1.0,409600,1
3477,640,640,1.0,409600,6
3478,640,640,1.0,409600,1
3479,640,640,1.0,409600,1
3480,640,640,1.0,409600,1
3481,640,640,1.0,409600,7
3482,640,640,1.0,409600,3
3483,640,640,1.0,409600,1
3484,640,640,1.0,409600,4
3485,640,640,1.0,409600,1
3486,640,640,1.0,409600,5
3487,640,640,1.0,409600,3
3488,640,640,1.0,409600,2
3489,640,640,1.0,409600,3
3490,640,640,1.0,409600,4
3491,640,640,1.0,409600,2
3492,640,640,1.0,409600,1
3493,640,640,1.0,409600,1
3494,640,640,1.0,409600,1
3495,640,640,1.0,409600,1
3496,640,640,1.0,409600,5
3497,640,640,1.0,409600,1
3498,640,640,1.0,409600,1
3499,640,640,1.0,409600,1
3500,640,640,1.0,409600,2
3501,640,640,1.0,409600,1
3502,640,640,1.0,409600,1
3503,640,640,1.0,409600,1
3504,640,640,1.0,409600,1
3505,640,640,1.0,409600,4
3506,640,640,1.0,409600,1
3507,640,640,1.0,409600,2
3508,640,640,1.0,409600,1
3509,640,640,1.0,409600,8
3510,640,640,1.0,409600,1
3511,640,640,1.0,409600,1
3512,640,640,1.0,409600,1
3513,640,640,1.0,409600,1
3514,640,640,1.0,409600,2
3515,640,640,1.0,409600,1
3516,640,640,1.0,409600,3
3517,640,640,1.0,409600,1
3518,640,640,1.0,409600,6
3519,640,640,1.0,409600,1
3520,640,640,1.0,409600,1
3521,640,640,1.0,409600,4
3522,640,640,1.0,409600,2
3523,640,640,1.0,409600,1
3524,640,640,1.0,409600,1
3525,640,640,1.0,409600,2
3526,640,640,1.0,409600,1
3527,640,640,1.0,409600,5
3528,640,640,1.0,409600,5
3529,640,640,1.0,409600,1
3530,640,640,1.0,409600,8
3531,640,640,1.0,409600,1
3532,640,640,1.0,409600,1
3533,640,640,1.0,409600,6
3534,640,640,1.0,409600,1
3535,640,640,1.0,409600,1
3536,640,640,1.0,409600,1
3537,640,640,1.0,409600,2
3538,640,640,1.0,409600,1
3539,640,640,1.0,409600,1
3540,640,640,1.0,409600,1
3541,640,640,1.0,409600,1
3542,640,640,1.0,409600,1
3543,640,640,1.0,409600,1
3544,640,640,1.0,409600,1
3545,640,640,1.0,409600,1
3546,640,640,1.0,409600,1
3547,640,640,1.0,409600,1
3548,640,640,1.0,409600,5
3549,640,640,1.0,409600,1
3550,640,640,1.0,409600,1
3551,640,640,1.0,409600,1
3552,640,640,1.0,409600,5
3553,640,640,1.0,409600,1
3554,640,640,1.0,409600,2
3555,640,640,1.0,409600,1
3556,640,640,1.0,409600,8
3557,640,640,1.0,409600,2
3558,640,640,1.0,409600,1
3559,640,640,1.0,409600,1
3560,640,640,1.0,409600,1
3561,640,640,1.0,409600,1
3562,640,640,1.0,409600,1
3563,640,640,1.0,409600,1
3564,640,640,1.0,409600,1
3565,640,640,1.0,409600,1
3566,640,640,1.0,409600,3
3567,640,640,1.0,409600,3
3568,640,640,1.0,409600,1
3569,640,640,1.0,409600,2
3570,640,640,1.0,409600,3
3571,640,640,1.0,409600,3
3572,640,640,1.0,409600,2
3573,640,640,1.0,409600,2
3574,640,640,1.0,409600,3
3575,640,640,1.0,409600,3
3576,640,640,1.0,409600,1
3577,640,640,1.0,409600,1
3578,640,640,1.0,409600,1
3579,640,640,1.0,409600,1
3580,640,640,1.0,409600,2
3581,640,640,1.0,409600,1
3582,640,640,1.0,409600,1
3583,640,640,1.0,409600,1
3584,640,640,1.0,409600,1
3585,640,640,1.0,409600,1
3586,640,640,1.0,409600,1
3587,640,640,1.0,409600,1
3588,640,640,1.0,409600,1
3589,640,640,1.0,409600,1
3590,640,640,1.0,409600,2
3591,640,640,1.0,409600,2
3592,640,640,1.0,409600,3
3593,640,640,1.0,409600,1
3594,640,640,1.0,409600,4
3595,640,640,1.0,409600,1
3596,640,640,1.0,409600,6
3597,640,640,1.0,409600,3
3598,640,640,1.0,409600,1
3599,640,640,1.0,409600,1
3600,640,640,1.0,409600,1
3601,640,640,1.0,409600,1
3602,640,640,1.0,409600,1
3603,640,640,1.0,409600,9
3604,640,640,1.0,409600,1
3605,640,640,1.0,409600,1
3606,640,640,1.0,409600,2
3607,640,640,1.0,409600,14
3608,640,640,1.0,409600,2
3609,640,640,1.0,409600,6
3610,640,640,1.0,409600,1
3611,640,640,1.0,409600,1
3612,640,640,1.0,409600,1
3613,640,640,1.0,409600,2
3614,640,640,1.0,409600,3
3615,640,640,1.0,409600,1
3616,640,640,1.0,409600,1
3617,640,640,1.0,409600,1
3618,640,640,1.0,409600,2
3619,640,640,1.0,409600,2
3620,640,640,1.0,409600,1
3621,640,640,1.0,409600,1
3622,640,640,1.0,409600,1
3623,640,640,1.0,409600,1
3624,640,640,1.0,409600,1
3625,640,640,1.0,409600,1
3626,640,640,1.0,409600,1
3627,640,640,1.0,409600,11
3628,640,640,1.0,409600,1
3629,640,640,1.0,409600,1
3630,640,640,1.0,409600,1
3631,640,640,1.0,409600,1
3632,640,640,1.0,409600,2
3633,640,640,1.0,409600,3
3634,640,640,1.0,409600,1
3635,640,640,1.0,409600,3
3636,640,640,1.0,409600,3
3637,640,640,1.0,409600,2
3638,640,640,1.0,409600,1
3639,640,640,1.0,409600,3
3640,640,640,1.0,409600,1
3641,640,640,1.0,409600,1
3642,640,640,1.0,409600,1
3643,640,640,1.0,409600,1
3644,640,640,1.0,409600,2
3645,640,640,1.0,409600,1
3646,640,640,1.0,409600,6
3647,640,640,1.0,409600,1
3648,640,640,1.0,409600,1
3649,640,640,1.0,409600,2
3650,640,640,1.0,409600,2
3651,640,640,1.0,409600,3
3652,640,640,1.0,409600,2
3653,640,640,1.0,409600,1
3654,640,640,1.0,409600,1
3655,640,640,1.0,409600,1
3656,640,640,1.0,409600,1
3657,640,640,1.0,409600,11
3658,640,640,1.0,409600,1
3659,640,640,1.0,409600,1
3660,640,640,1.0,409600,1
3661,640,640,1.0,409600,1
3662,640,640,1.0,409600,1
3663,640,640,1.0,409600,2
3664,640,640,1.0,409600,2
3665,640,640,1.0,409600,1
3666,640,640,1.0,409600,2
3667,640,640,1.0,409600,2
3668,640,640,1.0,409600,1
3669,640,640,1.0,409600,3
3670,640,640,1.0,409600,1
3671,640,640,1.0,409600,3
3672,640,640,1.0,409600,4
3673,640,640,1.0,409600,2
3674,640,640,1.0,409600,6
3675,640,640,1.0,409600,4
3676,640,640,1.0,409600,1
3677,640,640,1.0,409600,2
3678,640,640,1.0,409600,6
3679,640,640,1.0,409600,1
3680,640,640,1.0,409600,9
3681,640,640,1.0,409600,5
3682,640,640,1.0,409600,1
3683,640,640,1.0,409600,5
3684,640,640,1.0,409600,1
3685,640,640,1.0,409600,2
3686,640,640,1.0,409600,3
3687,640,640,1.0,409600,9
3688,640,640,1.0,409600,8
3689,640,640,1.0,409600,1
3690,640,640,1.0,409600,1
3691,640,640,1.0,409600,3
3692,640,640,1.0,409600,2
3693,640,640,1.0,409600,3
3694,640,640,1.0,409600,2
3695,640,640,1.0,409600,1
3696,640,640,1.0,409600,1
3697,640,640,1.0,409600,1
3698,640,640,1.0,409600,1
3699,640,640,1.0,409600,1
3700,640,640,1.0,409600,2
3701,640,640,1.0,409600,1
3702,640,640,1.0,409600,1
3703,640,640,1.0,409600,5
3704,640,640,1.0,409600,1
3705,640,640,1.0,409600,1
3706,640,640,1.0,409600,1
3707,640,640,1.0,409600,1
3708,640,640,1.0,409600,2
3709,640,640,1.0,409600,1
3710,640,640,1.0,409600,3
3711,640,640,1.0,409600,1
3712,640,640,1.0,409600,1
3713,640,640,1.0,409600,1
3714,640,640,1.0,409600,1
3715,640,640,1.0,409600,1
3716,640,640,1.0,409600,2
3717,640,640,1.0,409600,1
3718,640,640,1.0,409600,4
3719,640,640,1.0,409600,2
3720,640,640,1.0,409600,5
3721,640,640,1.0,409600,3
3722,640,640,1.0,409600,6
3723,640,640,1.0,409600,1
3724,640,640,1.0,409600,6
3725,640,640,1.0,409600,2
3726,640,640,1.0,409600,1
3727,640,640,1.0,409600,2
3728,640,640,1.0,409600,3
3729,640,640,1.0,409600,1
3730,640,640,1.0,409600,3
3731,640,640,1.0,409600,1
3732,640,640,1.0,409600,1
3733,640,640,1.0,409600,2
3734,640,640,1.0,409600,1
3735,640,640,1.0,409600,1
3736,640,640,1.0,409600,1
3737,640,640,1.0,409600,3
3738,640,640,1.0,409600,1
3739,640,640,1.0,409600,1
3740,640,640,1.0,409600,6
3741,640,640,1.0,409600,1
3742,640,640,1.0,409600,3
3743,640,640,1.0,409600,5
3744,640,640,1.0,409600,1
3745,640,640,1.0,409600,1
3746,640,640,1.0,409600,1
3747,640,640,1.0,409600,1
3748,640,640,1.0,409600,1
3749,640,640,1.0,409600,4
3750,640,640,1.0,409600,1
3751,640,640,1.0,409600,1
3752,640,640,1.0,409600,2
3753,640,640,1.0,409600,2
3754,640,640,1.0,409600,3
3755,640,640,1.0,409600,2
3756,640,640,1.0,409600,1
3757,640,640,1.0,409600,1
3758,640,640,1.0,409600,2
3759,640,640,1.0,409600,1
3760,640,640,1.0,409600,4
3761,640,640,1.0,409600,2
3762,640,640,1.0,409600,1
3763,640,640,1.0,409600,2
3764,640,640,1.0,409600,1
3765,640,640,1.0,409600,7
3766,640,640,1.0,409600,1
3767,640,640,1.0,409600,1
3768,640,640,1.0,409600,1
3769,640,640,1.0,409600,6
3770,640,640,1.0,409600,1
3771,640,640,1.0,409600,1
3772,640,640,1.0,409600,2
3773,640,640,1.0,409600,2
3774,640,640,1.0,409600,2
3775,640,640,1.0,409600,1
3776,640,640,1.0,409600,3
3777,640,640,1.0,409600,1
3778,640,640,1.0,409600,6
3779,640,640,1.0,409600,1
3780,640,640,1.0,409600,2
3781,640,640,1.0,409600,1
3782,640,640,1.0,409600,1
3783,640,640,1.0,409600,1
3784,640,640,1.0,409600,1
3785,640,640,1.0,409600,1
3786,640,640,1.0,409600,3
3787,640,640,1.0,409600,1
3788,640,640,1.0,409600,3
3789,640,640,1.0,409600,1
3790,640,640,1.0,409600,1
3791,640,640,1.0,409600,3
3792,640,640,1.0,409600,1
3793,640,640,1.0,409600,1
3794,640,640,1.0,409600,3
3795,640,640,1.0,409600,2
3796,640,640,1.0,409600,1
3797,640,640,1.0,409600,1
3798,640,640,1.0,409600,1
3799,640,640,1.0,409600,2
3800,640,640,1.0,409600,1
3801,640,640,1.0,409600,1
3802,640,640,1.0,409600,1
3803,640,640,1.0,409600,3
3804,640,640,1.0,409600,1
3805,640,640,1.0,409600,1
3806,640,640,1.0,409600,1
3807,640,640,1.0,409600,1
3808,640,640,1.0,409600,3
3809,640,640,1.0,409600,1
3810,640,640,1.0,409600,1
3811,640,640,1.0,409600,1
3812,640,640,1.0,409600,3
3813,640,640,1.0,409600,1
3814,640,640,1.0,409600,1
3815,640,640,1.0,409600,1
3816,640,640,1.0,409600,2
3817,640,640,1.0,409600,1
3818,640,640,1.0,409600,1
3819,640,640,1.0,409600,1
3820,640,640,1.0,409600,1
3821,640,640,1.0,409600,1
3822,640,640,1.0,409600,1
3823,640,640,1.0,409600,1
3824,640,640,1.0,409600,1
3825,640,640,1.0,409600,3
3826,640,640,1.0,409600,1
3827,640,640,1.0,409600,3
3828,640,640,1.0,409600,1
3829,640,640,1.0,409600,1
3830,640,640,1.0,409600,2
3831,640,640,1.0,409600,1
3832,640,640,1.0,409600,2
3833,640,640,1.0,409600,13
3834,640,640,1.0,409600,5
3835,640,640,1.0,409600,1
3836,640,640,1.0,409600,1
3837,640,640,1.0,409600,2
3838,640,640,1.0,409600,2
3839,640,640,1.0,409600,5
3840,640,640,1.0,409600,2
3841,640,640,1.0,409600,1
3842,640,640,1.0,409600,8
3843,640,640,1.0,409600,6
3844,640,640,1.0,409600,1
3845,640,640,1.0,409600,11
3846,640,640,1.0,409600,1
3847,640,640,1.0,409600,1
3848,640,640,1.0,409600,2
3849,640,640,1.0,409600,1
3850,640,640,1.0,409600,1
3851,640,640,1.0,409600,1
3852,640,640,1.0,409600,1
3853,640,640,1.0,409600,1
3854,640,640,1.0,409600,1
3855,640,640,1.0,409600,1
3856,640,640,1.0,409600,1
3857,640,640,1.0,409600,2
3858,640,640,1.0,409600,1
3859,640,640,1.0,409600,2
3860,640,640,1.0,409600,3
3861,640,640,1.0,409600,1
3862,640,640,1.0,409600,4
3863,640,640,1.0,409600,1
3864,640,640,1.0,409600,2
3865,640,640,1.0,409600,10
3866,640,640,1.0,409600,1
3867,640,640,1.0,409600,3
3868,640,640,1.0,409600,2
3869,640,640,1.0,409600,5
3870,640,640,1.0,409600,1
3871,640,640,1.0,409600,1
3872,640,640,1.0,409600,3
3873,640,640,1.0,409600,2
3874,640,640,1.0,409600,4
3875,640,640,1.0,409600,1
3876,640,640,1.0,409600,1
3877,640,640,1.0,409600,3
3878,640,640,1.0,409600,1
3879,640,640,1.0,409600,4
3880,640,640,1.0,409600,4
3881,640,640,1.0,409600,1
3882,640,640,1.0,409600,2
3883,640,640,1.0,409600,2
3884,640,640,1.0,409600,3
3885,640,640,1.0,409600,1
3886,640,640,1.0,409600,1
3887,640,640,1.0,409600,1
3888,640,640,1.0,409600,1
3889,640,640,1.0,409600,1
3890,640,640,1.0,409600,1
3891,640,640,1.0,409600,4
3892,640,640,1.0,409600,4
3893,640,640,1.0,409600,1
3894,640,640,1.0,409600,1
3895,640,640,1.0,409600,1
3896,640,640,1.0,409600,12
3897,640,640,1.0,409600,4
3898,640,640,1.0,409600,1
3899,640,640,1.0,409600,1
3900,640,640,1.0,409600,1
3901,640,640,1.0,409600,1
3902,640,640,1.0,409600,1
3903,640,640,1.0,409600,5
3904,640,640,1.0,409600,1
3905,640,640,1.0,409600,1
3906,640,640,1.0,409600,2
3907,640,640,1.0,409600,4
3908,640,640,1.0,409600,1
3909,640,640,1.0,409600,5
3910,640,640,1.0,409600,7
3911,640,640,1.0,409600,6
3912,640,640,1.0,409600,2
3913,640,640,1.0,409600,1
3914,640,640,1.0,409600,1
3915,640,640,1.0,409600,1
3916,640,640,1.0,409600,6
3917,640,640,1.0,409600,1
3918,640,640,1.0,409600,2
3919,640,640,1.0,409600,1
3920,640,640,1.0,409600,1
3921,640,640,1.0,409600,1
3922,640,640,1.0,409600,1
3923,640,640,1.0,409600,1
3924,640,640,1.0,409600,5
3925,640,640,1.0,409600,1
3926,640,640,1.0,409600,4
3927,640,640,1.0,409600,3
3928,640,640,1.0,409600,1
3929,640,640,1.0,409600,1
3930,640,640,1.0,409600,3
3931,640,640,1.0,409600,1
3932,640,640,1.0,409600,1
3933,640,640,1.0,409600,1
3934,640,640,1.0,409600,1
3935,640,640,1.0,409600,1
3936,640,640,1.0,409600,1
3937,640,640,1.0,409600,2
3938,640,640,1.0,409600,2
3939,640,640,1.0,409600,2
3940,640,640,1.0,409600,1
3941,640,640,1.0,409600,7
3942,640,640,1.0,409600,6
3943,640,640,1.0,409600,6
3944,640,640,1.0,409600,2
3945,640,640,1.0,409600,4
3946,640,640,1.0,409600,1
3947,640,640,1.0,409600,1
3948,640,640,1.0,409600,5
3949,640,640,1.0,409600,1
3950,640,640,1.0,409600,2
3951,640,640,1.0,409600,1
3952,640,640,1.0,409600,2
3953,640,640,1.0,409600,3
3954,640,640,1.0,409600,1
3955,640,640,1.0,409600,1
3956,640,640,1.0,409600,4
3957,640,640,1.0,409600,1
3958,640,640,1.0,409600,2
3959,640,640,1.0,409600,1
3960,640,640,1.0,409600,1
3961,640,640,1.0,409600,2
3962,640,640,1.0,409600,1
3963,640,640,1.0,409600,3
3964,640,640,1.0,409600,1
3965,640,640,1.0,409600,1
3966,640,640,1.0,409600,1
3967,640,640,1.0,409600,3
3968,640,640,1.0,409600,1
3969,640,640,1.0,409600,1
3970,640,640,1.0,409600,1
3971,640,640,1.0,409600,11
3972,640,640,1.0,409600,1
3973,640,640,1.0,409600,1
3974,640,640,1.0,409600,1
3975,640,640,1.0,409600,3
3976,640,640,1.0,409600,2
3977,640,640,1.0,409600,2
3978,640,640,1.0,409600,2
3979,640,640,1.0,409600,9
3980,640,640,1.0,409600,2
3981,640,640,1.0,409600,2
3982,640,640,1.0,409600,1
3983,640,640,1.0,409600,2
3984,640,640,1.0,409600,2
3985,640,640,1.0,409600,1
3986,640,640,1.0,409600,2
3987,640,640,1.0,409600,1
3988,640,640,1.0,409600,1
3989,640,640,1.0,409600,1
3990,640,640,1.0,409600,2
3991,640,640,1.0,409600,4
3992,640,640,1.0,409600,2
3993,640,640,1.0,409600,1
3994,640,640,1.0,409600,3
3995,640,640,1.0,409600,1
3996,640,640,1.0,409600,1
3997,640,640,1.0,409600,1
3998,640,640,1.0,409600,1
3999,640,640,1.0,409600,3
4000,640,640,1.0,409600,1
4001,640,640,1.0,409600,1
4002,640,640,1.0,409600,1
4003,640,640,1.0,409600,1
4004,640,640,1.0,409600,1
4005,640,640,1.0,409600,1
4006,640,640,1.0,409600,1
4007,640,640,1.0,409600,4
4008,640,640,1.0,409600,1
4009,640,640,1.0,409600,2
4010,640,640,1.0,409600,1
4011,640,640,1.0,409600,2
4012,640,640,1.0,409600,1
4013,640,640,1.0,409600,1
4014,640,640,1.0,409600,4
4015,640,640,1.0,409600,1
4016,640,640,1.0,409600,1
4017,640,640,1.0,409600,2
4018,640,640,1.0,409600,1
4019,640,640,1.0,409600,1
4020,640,640,1.0,409600,1
4021,640,640,1.0,409600,4
4022,640,640,1.0,409600,1
4023,640,640,1.0,409600,2
4024,640,640,1.0,409600,4
4025,640,640,1.0,409600,7
4026,640,640,1.0,409600,1
4027,640,640,1.0,409600,1
4028,640,640,1.0,409600,1
4029,640,640,1.0,409600,4
4030,640,640,1.0,409600,1
4031,640,640,1.0,409600,6
4032,640,640,1.0,409600,6
4033,640,640,1.0,409600,4
4034,640,640,1.0,409600,1
4035,640,640,1.0,409600,1
4036,640,640,1.0,409600,1
4037,640,640,1.0,409600,3
4038,640,640,1.0,409600,1
4039,640,640,1.0,409600,1
4040,640,640,1.0,409600,3
4041,640,640,1.0,409600,2
4042,640,640,1.0,409600,1
4043,640,640,1.0,409600,2
4044,640,640,1.0,409600,2
4045,640,640,1.0,409600,1
4046,640,640,1.0,409600,1
4047,640,640,1.0,409600,3
4048,640,640,1.0,409600,1
4049,640,640,1.0,409600,1
4050,640,640,1.0,409600,1
4051,640,640,1.0,409600,1
4052,640,640,1.0,409600,1
4053,640,640,1.0,409600,2
4054,640,640,1.0,409600,1
4055,640,640,1.0,409600,1
4056,640,640,1.0,409600,3
4057,640,640,1.0,409600,1
4058,640,640,1.0,409600,1
4059,640,640,1.0,409600,1
4060,640,640,1.0,409600,1
4061,640,640,1.0,409600,1
4062,640,640,1.0,409600,1
4063,640,640,1.0,409600,1
4064,640,640,1.0,409600,2
4065,640,640,1.0,409600,3
4066,640,640,1.0,409600,1
4067,640,640,1.0,409600,1
4068,640,640,1.0,409600,1
4069,640,640,1.0,409600,1
4070,640,640,1.0,409600,2
4071,640,640,1.0,409600,3
4072,640,640,1.0,409600,1
4073,640,640,1.0,409600,6
4074,640,640,1.0,409600,1
4075,640,640,1.0,409600,1
4076,640,640,1.0,409600,1
4077,640,640,1.0,409600,1
4078,640,640,1.0,409600,1
4079,640,640,1.0,409600,1
4080,640,640,1.0,409600,2
4081,640,640,1.0,409600,5
4082,640,640,1.0,409600,1
4083,640,640,1.0,409600,1
4084,640,640,1.0,409600,3
4085,640,640,1.0,409600,1
4086,640,640,1.0,409600,2
4087,640,640,1.0,409600,6
4088,640,640,1.0,409600,3
4089,640,640,1.0,409600,1
4090,640,640,1.0,409600,3
4091,640,640,1.0,409600,3
4092,640,640,1.0,409600,1
4093,640,640,1.0,409600,1
4094,640,640,1.0,409600,1
4095,640,640,1.0,409600,1
4096,640,640,1.0,409600,1
4097,640,640,1.0,409600,3
4098,640,640,1.0,409600,1
4099,640,640,1.0,409600,3
4100,640,640,1.0,409600,1
4101,640,640,1.0,409600,1
4102,640,640,1.0,409600,1
4103,640,640,1.0,409600,1
4104,640,640,1.0,409600,1
4105,640,640,1.0,409600,1
4106,640,640,1.0,409600,1
4107,640,640,1.0,409600,1
4108,640,640,1.0,409600,1
4109,640,640,1.0,409600,1
4110,640,640,1.0,409600,1
4111,640,640,1.0,409600,1
4112,640,640,1.0,409600,1
4113,640,640,1.0,409600,4
4114,640,640,1.0,409600,2
4115,640,640,1.0,409600,1
4116,640,640,1.0,409600,2
4117,640,640,1.0,409600,1
4118,640,640,1.0,409600,1
4119,640,640,1.0,409600,1
4120,640,640,1.0,409600,1
4121,640,640,1.0,409600,1
4122,640,640,1.0,409600,3
4123,640,640,1.0,409600,1
4124,640,640,1.0,409600,1
4125,640,640,1.0,409600,1
4126,640,640,1.0,409600,2
4127,640,640,1.0,409600,2
4128,640,640,1.0,409600,1
4129,640,640,1.0,409600,1
4130,640,640,1.0,409600,1
4131,640,640,1.0,409600,2
4132,640,640,1.0,409600,2
4133,640,640,1.0,409600,1
4134,640,640,1.0,409600,1
4135,640,640,1.0,409600,1
4136,640,640,1.0,409600,3
4137,640,640,1.0,409600,1
4138,640,640,1.0,409600,2
4139,640,640,1.0,409600,1
4140,640,640,1.0,409600,1
4141,640,640,1.0,409600,1
4142,640,640,1.0,409600,2
4143,640,640,1.0,409600,1
4144,640,640,1.0,409600,1
4145,640,640,1.0,409600,1
4146,640,640,1.0,409600,2
4147,640,640,1.0,409600,1
4148,640,640,1.0,409600,3
4149,640,640,1.0,409600,3
4150,640,640,1.0,409600,1
4151,640,640,1.0,409600,1
4152,640,640,1.0,409600,1
4153,640,640,1.0,409600,1
4154,640,640,1.0,409600,1
4155,640,640,1.0,409600,1
4156,640,640,1.0,409600,1
4157,640,640,1.0,409600,1
4158,640,640,1.0,409600,2
4159,640,640,1.0,409600,4
4160,640,640,1.0,409600,3
4161,640,640,1.0,409600,2
4162,640,640,1.0,409600,1
4163,640,640,1.0,409600,1
4164,640,640,1.0,409600,1
4165,640,640,1.0,409600,1
4166,640,640,1.0,409600,1
4167,640,640,1.0,409600,2
4168,640,640,1.0,409600,1
4169,640,640,1.0,409600,1
4170,640,640,1.0,409600,1
4171,640,640,1.0,409600,3
4172,640,640,1.0,409600,3
4173,640,640,1.0,409600,3
4174,640,640,1.0,409600,9
4175,640,640,1.0,409600,2
4176,640,640,1.0,409600,1
4177,640,640,1.0,409600,1
4178,640,640,1.0,409600,1
4179,640,640,1.0,409600,1
4180,640,640,1.0,409600,1
4181,640,640,1.0,409600,2
4182,640,640,1.0,409600,1
4183,640,640,1.0,409600,2
4184,640,640,1.0,409600,1
4185,640,640,1.0,409600,1
4186,640,640,1.0,409600,2
4187,640,640,1.0,409600,3
4188,640,640,1.0,409600,1
4189,640,640,1.0,409600,2
4190,640,640,1.0,409600,4
4191,640,640,1.0,409600,1
4192,640,640,1.0,409600,1
4193,640,640,1.0,409600,1
4194,640,640,1.0,409600,6
4195,640,640,1.0,409600,1
4196,640,640,1.0,409600,2
4197,640,640,1.0,409600,1
4198,640,640,1.0,409600,1
4199,640,640,1.0,409600,2
4200,640,640,1.0,409600,1
4201,640,640,1.0,409600,2
4202,640,640,1.0,409600,1
4203,640,640,1.0,409600,1
4204,640,640,1.0,409600,2
4205,640,640,1.0,409600,3
4206,640,640,1.0,409600,1
4207,640,640,1.0,409600,2
4208,640,640,1.0,409600,1
4209,640,640,1.0,409600,2
4210,640,640,1.0,409600,3
4211,640,640,1.0,409600,2
4212,640,640,1.0,409600,1
4213,640,640,1.0,409600,4
4214,640,640,1.0,409600,5
4215,640,640,1.0,409600,2
4216,640,640,1.0,409600,1
4217,640,640,1.0,409600,1
4218,640,640,1.0,409600,2
4219,640,640,1.0,409600,4
4220,640,640,1.0,409600,1
4221,640,640,1.0,409600,3
4222,640,640,1.0,409600,5
4223,640,640,1.0,409600,1
4224,640,640,1.0,409600,1
4225,640,640,1.0,409600,1
4226,640,640,1.0,409600,1
4227,640,640,1.0,409600,1
4228,640,640,1.0,409600,1
4229,640,640,1.0,409600,5
4230,640,640,1.0,409600,1
4231,640,640,1.0,409600,1
4232,640,640,1.0,409600,1
4233,640,640,1.0,409600,1
4234,640,640,1.0,409600,1
4235,640,640,1.0,409600,1
4236,640,640,1.0,409600,1
4237,640,640,1.0,409600,1
4238,640,640,1.0,409600,1
4239,640,640,1.0,409600,1
4240,640,640,1.0,409600,2
4241,640,640,1.0,409600,1
4242,640,640,1.0,409600,2
4243,640,640,1.0,409600,1
4244,640,640,1.0,409600,1
4245,640,640,1.0,409600,1
4246,640,640,1.0,409600,3
4247,640,640,1.0,409600,2
4248,640,640,1.0,409600,1
4249,640,640,1.0,409600,1
4250,640,640,1.0,409600,1
4251,640,640,1.0,409600,1
4252,640,640,1.0,409600,2
4253,640,640,1.0,409600,1
4254,640,640,1.0,409600,1
4255,640,640,1.0,409600,2
4256,640,640,1.0,409600,3
4257,640,640,1.0,409600,1
4258,640,640,1.0,409600,1
4259,640,640,1.0,409600,2
4260,640,640,1.0,409600,1
4261,640,640,1.0,409600,1
4262,640,640,1.0,409600,4
4263,640,640,1.0,409600,1
4264,640,640,1.0,409600,1
4265,640,640,1.0,409600,7
4266,640,640,1.0,409600,1
4267,640,640,1.0,409600,6
4268,640,640,1.0,409600,2
4269,640,640,1.0,409600,3
4270,640,640,1.0,409600,2
4271,640,640,1.0,409600,1
4272,640,640,1.0,409600,1
4273,640,640,1.0,409600,1
4274,640,640,1.0,409600,2
4275,640,640,1.0,409600,1
4276,640,640,1.0,409600,1
4277,640,640,1.0,409600,6
4278,640,640,1.0,409600,1
4279,640,640,1.0,409600,5
4280,640,640,1.0,409600,3
4281,640,640,1.0,409600,6
4282,640,640,1.0,409600,1
4283,640,640,1.0,409600,4
4284,640,640,1.0,409600,2
4285,640,640,1.0,409600,1
4286,640,640,1.0,409600,2
4287,640,640,1.0,409600,1
4288,640,640,1.0,409600,2
4289,640,640,1.0,409600,1
4290,640,640,1.0,409600,1
4291,640,640,1.0,409600,6
4292,640,640,1.0,409600,5
4293,640,640,1.0,409600,2
4294,640,640,1.0,409600,1
4295,640,640,1.0,409600,6
4296,640,640,1.0,409600,3
4297,640,640,1.0,409600,1
4298,640,640,1.0,409600,1
4299,640,640,1.0,409600,2
4300,640,640,1.0,409600,1
4301,640,640,1.0,409600,20
4302,640,640,1.0,409600,3
4303,640,640,1.0,409600,1
4304,640,640,1.0,409600,2
4305,640,640,1.0,409600,1
4306,640,640,1.0,409600,9
4307,640,640,1.0,409600,1
4308,640,640,1.0,409600,3
4309,640,640,1.0,409600,1
4310,640,640,1.0,409600,4
4311,640,640,1.0,409600,3
4312,640,640,1.0,409600,1
4313,640,640,1.0,409600,1
4314,640,640,1.0,409600,3
4315,640,640,1.0,409600,2
4316,640,640,1.0,409600,2
4317,640,640,1.0,409600,3
4318,640,640,1.0,409600,1
4319,640,640,1.0,409600,4
4320,640,640,1.0,409600,1
4321,640,640,1.0,409600,2
4322,640,640,1.0,409600,4
4323,640,640,1.0,409600,1
4324,640,640,1.0,409600,1
4325,640,640,1.0,409600,1
4326,640,640,1.0,409600,1
4327,640,640,1.0,409600,1
4328,640,640,1.0,409600,1
4329,640,640,1.0,409600,1
4330,640,640,1.0,409600,1
4331,640,640,1.0,409600,1
4332,640,640,1.0,409600,1
4333,640,640,1.0,409600,1
4334,640,640,1.0,409600,1
4335,640,640,1.0,409600,4
4336,640,640,1.0,409600,1
4337,640,640,1.0,409600,1
4338,640,640,1.0,409600,1
4339,640,640,1.0,409600,1
4340,640,640,1.0,409600,1
4341,640,640,1.0,409600,1
4342,640,640,1.0,409600,3
4343,640,640,1.0,409600,1
4344,640,640,1.0,409600,1
4345,640,640,1.0,409600,1
4346,640,640,1.0,409600,1
4347,640,640,1.0,409600,5
4348,640,640,1.0,409600,3
4349,640,640,1.0,409600,1
4350,640,640,1.0,409600,3
4351,640,640,1.0,409600,8
4352,640,640,1.0,409600,1
4353,640,640,1.0,409600,2
4354,640,640,1.0,409600,2
4355,640,640,1.0,409600,1
4356,640,640,1.0,409600,5
4357,640,640,1.0,409600,2
4358,640,640,1.0,409600,3
4359,640,640,1.0,409600,1
4360,640,640,1.0,409600,1
4361,640,640,1.0,409600,1
4362,640,640,1.0,409600,1
4363,640,640,1.0,409600,1
4364,640,640,1.0,409600,2
4365,640,640,1.0,409600,1
4366,640,640,1.0,409600,1
4367,640,640,1.0,409600,2
4368,640,640,1.0,409600,8
4369,640,640,1.0,409600,2
4370,640,640,1.0,409600,1
4371,640,640,1.0,409600,1
4372,640,640,1.0,409600,1
4373,640,640,1.0,409600,2
4374,640,640,1.0,409600,1
4375,640,640,1.0,409600,1
4376,640,640,1.0,409600,1
4377,640,640,1.0,409600,3
4378,640,640,1.0,409600,4
4379,640,640,1.0,409600,2
4380,640,640,1.0,409600,1
4381,640,640,1.0,409600,1
4382,640,640,1.0,409600,1
4383,640,640,1.0,409600,4
4384,640,640,1.0,409600,4
4385,640,640,1.0,409600,1
4386,640,640,1.0,409600,1
4387,640,640,1.0,409600,1
4388,640,640,1.0,409600,2
4389,640,640,1.0,409600,1
4390,640,640,1.0,409600,3
4391,640,640,1.0,409600,8
4392,640,640,1.0,409600,1
4393,640,640,1.0,409600,1
4394,640,640,1.0,409600,2
4395,640,640,1.0,409600,1
4396,640,640,1.0,409600,2
4397,640,640,1.0,409600,1
4398,640,640,1.0,409600,2
4399,640,640,1.0,409600,1
4400,640,640,1.0,409600,3
4401,640,640,1.0,409600,1
4402,640,640,1.0,409600,1
4403,640,640,1.0,409600,1
4404,640,640,1.0,409600,3
4405,640,640,1.0,409600,1
4406,640,640,1.0,409600,1
4407,640,640,1.0,409600,1
4408,640,640,1.0,409600,1
4409,640,640,1.0,409600,2
4410,640,640,1.0,409600,1
4411,640,640,1.0,409600,2
4412,640,640,1.0,409600,1
4413,640,640,1.0,409600,4
4414,640,640,1.0,409600,3
4415,640,640,1.0,409600,1
4416,640,640,1.0,409600,1
4417,640,640,1.0,409600,1
4418,640,640,1.0,409600,1
4419,640,640,1.0,409600,1
4420,640,640,1.0,409600,4
4421,640,640,1.0,409600,3
4422,640,640,1.0,409600,1
4423,640,640,1.0,409600,4
4424,640,640,1.0,409600,1
4425,640,640,1.0,409600,3
4426,640,640,1.0,409600,1
4427,640,640,1.0,409600,1
4428,640,640,1.0,409600,1
4429,640,640,1.0,409600,2
4430,640,640,1.0,409600,2
4431,640,640,1.0,409600,2
4432,640,640,1.0,409600,1
4433,640,640,1.0,409600,1
4434,640,640,1.0,409600,2
4435,640,640,1.0,409600,1
4436,640,640,1.0,409600,5
4437,640,640,1.0,409600,1
4438,640,640,1.0,409600,4
4439,640,640,1.0,409600,6
4440,640,640,1.0,409600,1
4441,640,640,1.0,409600,2
4442,640,640,1.0,409600,1
4443,640,640,1.0,409600,1
4444,640,640,1.0,409600,1
4445,640,640,1.0,409600,1
4446,640,640,1.0,409600,2
4447,640,640,1.0,409600,1
4448,640,640,1.0,409600,2
4449,640,640,1.0,409600,1
4450,640,640,1.0,409600,5
4451,640,640,1.0,409600,2
4452,640,640,1.0,409600,2
4453,640,640,1.0,409600,1
4454,640,640,1.0,409600,1
4455,640,640,1.0,409600,2
4456,640,640,1.0,409600,8
4457,640,640,1.0,409600,3
4458,640,640,1.0,409600,1
4459,640,640,1.0,409600,2
4460,640,640,1.0,409600,1
4461,640,640,1.0,409600,1
4462,640,640,1.0,409600,1
4463,640,640,1.0,409600,1
4464,640,640,1.0,409600,3
4465,640,640,1.0,409600,1
4466,640,640,1.0,409600,4
4467,640,640,1.0,409600,4
4468,640,640,1.0,409600,1
4469,640,640,1.0,409600,6
4470,640,640,1.0,409600,1
4471,640,640,1.0,409600,3
4472,640,640,1.0,409600,1
4473,640,640,1.0,409600,1
4474,640,640,1.0,409600,1
4475,640,640,1.0,409600,1
4476,640,640,1.0,409600,1
4477,640,640,1.0,409600,6
4478,640,640,1.0,409600,1
4479,640,640,1.0,409600,8
4480,640,640,1.0,409600,1
4481,640,640,1.0,409600,3
4482,640,640,1.0,409600,1
4483,640,640,1.0,409600,1
4484,640,640,1.0,409600,1
4485,640,640,1.0,409600,1
4486,640,640,1.0,409600,4
4487,640,640,1.0,409600,5
4488,640,640,1.0,409600,2
4489,640,640,1.0,409600,6
4490,640,640,1.0,409600,1
4491,640,640,1.0,409600,1
4492,640,640,1.0,409600,1
4493,640,640,1.0,409600,1
4494,640,640,1.0,409600,3
4495,640,640,1.0,409600,6
4496,640,640,1.0,409600,5
4497,640,640,1.0,409600,4
4498,640,640,1.0,409600,1
4499,640,640,1.0,409600,2
4500,640,640,1.0,409600,1
4501,640,640,1.0,409600,1
4502,640,640,1.0,409600,1
4503,640,640,1.0,409600,2
4504,640,640,1.0,409600,3
4505,640,640,1.0,409600,4
4506,640,640,1.0,409600,2
4507,640,640,1.0,409600,3
4508,640,640,1.0,409600,1
4509,640,640,1.0,409600,2
4510,640,640,1.0,409600,1
4511,640,640,1.0,409600,6
4512,640,640,1.0,409600,1
4513,640,640,1.0,409600,1
4514,640,640,1.0,409600,1
4515,640,640,1.0,409600,1
4516,640,640,1.0,409600,1
4517,640,640,1.0,409600,1
4518,640,640,1.0,409600,2
4519,640,640,1.0,409600,1
4520,640,640,1.0,409600,1
4521,640,640,1.0,409600,1
4522,640,640,1.0,409600,1
4523,640,640,1.0,409600,1
4524,640,640,1.0,409600,2
4525,640,640,1.0,409600,1
4526,640,640,1.0,409600,1
4527,640,640,1.0,409600,2
4528,640,640,1.0,409600,3
4529,640,640,1.0,409600,1
4530,640,640,1.0,409600,1
4531,640,640,1.0,409600,1
4532,640,640,1.0,409600,1
4533,640,640,1.0,409600,3
4534,640,640,1.0,409600,2
4535,640,640,1.0,409600,3
4536,640,640,1.0,409600,2
4537,640,640,1.0,409600,3
4538,640,640,1.0,409600,2
4539,640,640,1.0,409600,1
4540,640,640,1.0,409600,1
4541,640,640,1.0,409600,1
4542,640,640,1.0,409600,1
4543,640,640,1.0,409600,4
4544,640,640,1.0,409600,1
4545,640,640,1.0,409600,1
4546,640,640,1.0,409600,3
4547,640,640,1.0,409600,1
4548,640,640,1.0,409600,2
4549,640,640,1.0,409600,1
4550,640,640,1.0,409600,1
4551,640,640,1.0,409600,1
4552,640,640,1.0,409600,2
4553,640,640,1.0,409600,1
4554,640,640,1.0,409600,1
4555,640,640,1.0,409600,2
4556,640,640,1.0,409600,4
4557,640,640,1.0,409600,8
4558,640,640,1.0,409600,6
4559,640,640,1.0,409600,7
4560,640,640,1.0,409600,1
4561,640,640,1.0,409600,1
4562,640,640,1.0,409600,1
4563,640,640,1.0,409600,3
4564,640,640,1.0,409600,1
4565,640,640,1.0,409600,7
4566,640,640,1.0,409600,1
4567,640,640,1.0,409600,1
4568,640,640,1.0,409600,3
4569,640,640,1.0,409600,1
4570,640,640,1.0,409600,1
4571,640,640,1.0,409600,1
4572,640,640,1.0,409600,2
4573,640,640,1.0,409600,1
4574,640,640,1.0,409600,1
4575,640,640,1.0,409600,1
4576,640,640,1.0,409600,1
4577,640,640,1.0,409600,2
4578,640,640,1.0,409600,1
4579,640,640,1.0,409600,1
4580,640,640,1.0,409600,5
4581,640,640,1.0,409600,1
4582,640,640,1.0,409600,1
4583,640,640,1.0,409600,3
4584,640,640,1.0,409600,1
4585,640,640,1.0,409600,2
4586,640,640,1.0,409600,5
4587,640,640,1.0,409600,1
4588,640,640,1.0,409600,1
4589,640,640,1.0,409600,1
4590,640,640,1.0,409600,4
4591,640,640,1.0,409600,1
4592,640,640,1.0,409600,1
4593,640,640,1.0,409600,2
4594,640,640,1.0,409600,3
4595,640,640,1.0,409600,1
4596,640,640,1.0,409600,1
4597,640,640,1.0,409600,1
4598,640,640,1.0,409600,1
4599,640,640,1.0,409600,1
4600,640,640,1.0,409600,1
4601,640,640,1.0,409600,2
4602,640,640,1.0,409600,2
4603,640,640,1.0,409600,2
4604,640,640,1.0,409600,1
4605,640,640,1.0,409600,1
4606,640,640,1.0,409600,1
4607,640,640,1.0,409600,3
4608,640,640,1.0,409600,1
4609,640,640,1.0,409600,6
4610,640,640,1.0,409600,2
4611,640,640,1.0,409600,3
4612,640,640,1.0,409600,1
4613,640,640,1.0,409600,1
4614,640,640,1.0,409600,1
4615,640,640,1.0,409600,6
4616,640,640,1.0,409600,3
4617,640,640,1.0,409600,3
4618,640,640,1.0,409600,3
4619,640,640,1.0,409600,1
4620,640,640,1.0,409600,1
4621,640,640,1.0,409600,1
4622,640,640,1.0,409600,1
4623,640,640,1.0,409600,1
4624,640,640,1.0,409600,1
4625,640,640,1.0,409600,1
4626,640,640,1.0,409600,12
4627,640,640,1.0,409600,1
4628,640,640,1.0,409600,1
4629,640,640,1.0,409600,1
4630,640,640,1.0,409600,1
4631,640,640,1.0,409600,1
4632,640,640,1.0,409600,1
4633,640,640,1.0,409600,1
4634,640,640,1.0,409600,2
4635,640,640,1.0,409600,2
4636,640,640,1.0,409600,1
4637,640,640,1.0,409600,4
4638,640,640,1.0,409600,1
4639,640,640,1.0,409600,1
4640,640,640,1.0,409600,3
4641,640,640,1.0,409600,2
4642,640,640,1.0,409600,1
4643,640,640,1.0,409600,2
4644,640,640,1.0,409600,2
4645,640,640,1.0,409600,1
4646,640,640,1.0,409600,1
4647,640,640,1.0,409600,4
4648,640,640,1.0,409600,5
4649,640,640,1.0,409600,2
4650,640,640,1.0,409600,1
4651,640,640,1.0,409600,2
4652,640,640,1.0,409600,1
4653,640,640,1.0,409600,1
4654,640,640,1.0,409600,1
4655,640,640,1.0,409600,3
4656,640,640,1.0,409600,2
4657,640,640,1.0,409600,4
4658,640,640,1.0,409600,2
4659,640,640,1.0,409600,2
4660,640,640,1.0,409600,1
4661,640,640,1.0,409600,1
4662,640,640,1.0,409600,2
4663,640,640,1.0,409600,1
4664,640,640,1.0,409600,1
4665,640,640,1.0,409600,1
4666,640,640,1.0,409600,1
4667,640,640,1.0,409600,1
4668,640,640,1.0,409600,1
4669,640,640,1.0,409600,1
4670,640,640,1.0,409600,1
4671,640,640,1.0,409600,4
4672,640,640,1.0,409600,4
4673,640,640,1.0,409600,1
4674,640,640,1.0,409600,1
4675,640,640,1.0,409600,3
4676,640,640,1.0,409600,6
4677,640,640,1.0,409600,1
4678,640,640,1.0,409600,1
4679,640,640,1.0,409600,1
4680,640,640,1.0,409600,2
4681,640,640,1.0,409600,1
4682,640,640,1.0,409600,1
4683,640,640,1.0,409600,2
4684,640,640,1.0,409600,1
4685,640,640,1.0,409600,2
4686,640,640,1.0,409600,1
4687,640,640,1.0,409600,1
4688,640,640,1.0,409600,6
4689,640,640,1.0,409600,1
4690,640,640,1.0,409600,1
4691,640,640,1.0,409600,2
4692,640,640,1.0,409600,2
4693,640,640,1.0,409600,1
4694,640,640,1.0,409600,6
4695,640,640,1.0,409600,3
4696,640,640,1.0,409600,3
4697,640,640,1.0,409600,1
4698,640,640,1.0,409600,2
4699,640,640,1.0,409600,3
4700,640,640,1.0,409600,1
4701,640,640,1.0,409600,1
4702,640,640,1.0,409600,1
4703,640,640,1.0,409600,1
4704,640,640,1.0,409600,1
4705,640,640,1.0,409600,2
4706,640,640,1.0,409600,2
4707,640,640,1.0,409600,1
4708,640,640,1.0,409600,1
4709,640,640,1.0,409600,2
4710,640,640,1.0,409600,3
4711,640,640,1.0,409600,1
4712,640,640,1.0,409600,1
4713,640,640,1.0,409600,1
4714,640,640,1.0,409600,3
4715,640,640,1.0,409600,3
4716,640,640,1.0,409600,2
4717,640,640,1.0,409600,1
4718,640,640,1.0,409600,1
4719,640,640,1.0,409600,1
4720,640,640,1.0,409600,1
4721,640,640,1.0,409600,1
4722,640,640,1.0,409600,7
4723,640,640,1.0,409600,1
4724,640,640,1.0,409600,11
4725,640,640,1.0,409600,1
4726,640,640,1.0,409600,1
4727,640,640,1.0,409600,1
4728,640,640,1.0,409600,3
4729,640,640,1.0,409600,1
4730,640,640,1.0,409600,2
4731,640,640,1.0,409600,1
4732,640,640,1.0,409600,2
4733,640,640,1.0,409600,1
4734,640,640,1.0,409600,1
4735,640,640,1.0,409600,3
4736,640,640,1.0,409600,2
4737,640,640,1.0,409600,3
4738,640,640,1.0,409600,1
4739,640,640,1.0,409600,3
4740,640,640,1.0,409600,2
4741,640,640,1.0,409600,1
4742,640,640,1.0,409600,1
4743,640,640,1.0,409600,1
4744,640,640,1.0,409600,1
4745,640,640,1.0,409600,1
4746,640,640,1.0,409600,1
4747,640,640,1.0,409600,1
4748,640,640,1.0,409600,2
4749,640,640,1.0,409600,1
4750,640,640,1.0,409600,1
4751,640,640,1.0,409600,2
4752,640,640,1.0,409600,1
4753,640,640,1.0,409600,1
4754,640,640,1.0,409600,2
4755,640,640,1.0,409600,1
4756,640,640,1.0,409600,1
4757,640,640,1.0,409600,1
4758,640,640,1.0,409600,1
4759,640,640,1.0,409600,1
4760,640,640,1.0,409600,1
4761,640,640,1.0,409600,4
4762,640,640,1.0,409600,3
4763,640,640,1.0,409600,1
4764,640,640,1.0,409600,1
4765,640,640,1.0,409600,2
4766,640,640,1.0,409600,1
4767,640,640,1.0,409600,1
4768,640,640,1.0,409600,2
4769,640,640,1.0,409600,1
4770,640,640,1.0,409600,11
4771,640,640,1.0,409600,1
4772,640,640,1.0,409600,4
4773,640,640,1.0,409600,1
4774,640,640,1.0,409600,3
4775,640,640,1.0,409600,6
4776,640,640,1.0,409600,6
4777,640,640,1.0,409600,1
4778,640,640,1.0,409600,1
4779,640,640,1.0,409600,1
4780,640,640,1.0,409600,1
4781,640,640,1.0,409600,5
4782,640,640,1.0,409600,5
4783,640,640,1.0,409600,1
4784,640,640,1.0,409600,11
4785,640,640,1.0,409600,1
4786,640,640,1.0,409600,2
4787,640,640,1.0,409600,1
4788,640,640,1.0,409600,1
4789,640,640,1.0,409600,1
4790,640,640,1.0,409600,1
4791,640,640,1.0,409600,1
4792,640,640,1.0,409600,1
4793,640,640,1.0,409600,1
4794,640,640,1.0,409600,2
4795,640,640,1.0,409600,1
4796,640,640,1.0,409600,11
4797,640,640,1.0,409600,1
4798,640,640,1.0,409600,2
4799,640,640,1.0,409600,1
4800,640,640,1.0,409600,2
4801,640,640,1.0,409600,2
4802,640,640,1.0,409600,2
4803,640,640,1.0,409600,2
4804,640,640,1.0,409600,1
4805,640,640,1.0,409600,1
4806,640,640,1.0,409600,1
4807,640,640,1.0,409600,1
4808,640,640,1.0,409600,1
4809,640,640,1.0,409600,3
4810,640,640,1.0,409600,1
4811,640,640,1.0,409600,2
4812,640,640,1.0,409600,1
4813,640,640,1.0,409600,1
4814,640,640,1.0,409600,1
4815,640,640,1.0,409600,5
4816,640,640,1.0,409600,4
4817,640,640,1.0,409600,5
4818,640,640,1.0,409600,1
4819,640,640,1.0,409600,1
4820,640,640,1.0,409600,1
4821,640,640,1.0,409600,1
4822,640,640,1.0,409600,2
4823,640,640,1.0,409600,1
4824,640,640,1.0,409600,3
4825,640,640,1.0,409600,1
4826,640,640,1.0,409600,1
4827,640,640,1.0,409600,3
4828,640,640,1.0,409600,2
4829,640,640,1.0,409600,1
4830,640,640,1.0,409600,1
4831,640,640,1.0,409600,2
4832,640,640,1.0,409600,1
4833,640,640,1.0,409600,1
4834,640,640,1.0,409600,1
4835,640,640,1.0,409600,1
4836,640,640,1.0,409600,2
4837,640,640,1.0,409600,1
4838,640,640,1.0,409600,2
4839,640,640,1.0,409600,1
4840,640,640,1.0,409600,1
4841,640,640,1.0,409600,1
4842,640,640,1.0,409600,1
4843,640,640,1.0,409600,1
4844,640,640,1.0,409600,1
4845,640,640,1.0,409600,4
4846,640,640,1.0,409600,1
4847,640,640,1.0,409600,1
4848,640,640,1.0,409600,1
4849,640,640,1.0,409600,2
4850,640,640,1.0,409600,4
4851,640,640,1.0,409600,1
4852,640,640,1.0,409600,1
4853,640,640,1.0,409600,1
4854,640,640,1.0,409600,1
4855,640,640,1.0,409600,2
4856,640,640,1.0,409600,1
4857,640,640,1.0,409600,1
4858,640,640,1.0,409600,4
4859,640,640,1.0,409600,7
4860,640,640,1.0,409600,2
4861,640,640,1.0,409600,2
4862,640,640,1.0,409600,4
4863,640,640,1.0,409600,2
4864,640,640,1.0,409600,1
4865,640,640,1.0,409600,1
4866,640,640,1.0,409600,1
4867,640,640,1.0,409600,2
4868,640,640,1.0,409600,1
4869,640,640,1.0,409600,1
4870,640,640,1.0,409600,3
4871,640,640,1.0,409600,1
4872,640,640,1.0,409600,2
4873,640,640,1.0,409600,1
4874,640,640,1.0,409600,2
4875,640,640,1.0,409600,1
4876,640,640,1.0,409600,1
4877,640,640,1.0,409600,1
4878,640,640,1.0,409600,2
4879,640,640,1.0,409600,2
4880,640,640,1.0,409600,1
4881,640,640,1.0,409600,1
4882,640,640,1.0,409600,1
4883,640,640,1.0,409600,1
4884,640,640,1.0,409600,2
4885,640,640,1.0,409600,4
4886,640,640,1.0,409600,1
4887,640,640,1.0,409600,1
4888,640,640,1.0,409600,10
4889,640,640,1.0,409600,6
4890,640,640,1.0,409600,1
4891,640,640,1.0,409600,1
4892,640,640,1.0,409600,5
4893,640,640,1.0,409600,1
4894,640,640,1.0,409600,2
4895,640,640,1.0,409600,4
4896,640,640,1.0,409600,1
4897,640,640,1.0,409600,1
4898,640,640,1.0,409600,1
4899,640,640,1.0,409600,1
4900,640,640,1.0,409600,1
4901,640,640,1.0,409600,1
4902,640,640,1.0,409600,1
4903,640,640,1.0,409600,2
4904,640,640,1.0,409600,1
4905,640,640,1.0,409600,1
4906,640,640,1.0,409600,1
4907,640,640,1.0,409600,1
4908,640,640,1.0,409600,2
4909,640,640,1.0,409600,1
4910,640,640,1.0,409600,4
4911,640,640,1.0,409600,2
4912,640,640,1.0,409600,2
4913,640,640,1.0,409600,1
4914,640,640,1.0,409600,1
4915,640,640,1.0,409600,1
4916,640,640,1.0,409600,2
4917,640,640,1.0,409600,1
4918,640,640,1.0,409600,1
4919,640,640,1.0,409600,1
4920,640,640,1.0,409600,1
4921,640,640,1.0,409600,1
4922,640,640,1.0,409600,1
4923,640,640,1.0,409600,5
4924,640,640,1.0,409600,1
4925,640,640,1.0,409600,1
4926,640,640,1.0,409600,2
4927,640,640,1.0,409600,1
4928,640,640,1.0,409600,4
4929,640,640,1.0,409600,1
4930,640,640,1.0,409600,1
4931,640,640,1.0,409600,2
4932,640,640,1.0,409600,1
4933,640,640,1.0,409600,1
4934,640,640,1.0,409600,3
4935,640,640,1.0,409600,2
4936,640,640,1.0,409600,1
4937,640,640,1.0,409600,1
4938,640,640,1.0,409600,1
4939,640,640,1.0,409600,4
4940,640,640,1.0,409600,1
4941,640,640,1.0,409600,1
4942,640,640,1.0,409600,1
4943,640,640,1.0,409600,1
4944,640,640,1.0,409600,1
4945,640,640,1.0,409600,2
4946,640,640,1.0,409600,2
4947,640,640,1.0,409600,2
4948,640,640,1.0,409600,2
4949,640,640,1.0,409600,3
4950,640,640,1.0,409600,1
4951,640,640,1.0,409600,1
4952,640,640,1.0,409600,3
4953,640,640,1.0,409600,2
4954,640,640,1.0,409600,2
4955,640,640,1.0,409600,1
4956,640,640,1.0,409600,4
4957,640,640,1.0,409600,1
4958,640,640,1.0,409600,7
4959,640,640,1.0,409600,1
4960,640,640,1.0,409600,3
4961,640,640,1.0,409600,1
4962,640,640,1.0,409600,2
4963,640,640,1.0,409600,1
4964,640,640,1.0,409600,2
4965,640,640,1.0,409600,1
4966,640,640,1.0,409600,1
4967,640,640,1.0,409600,1
4968,640,640,1.0,409600,1
4969,640,640,1.0,409600,4
4970,640,640,1.0,409600,1
4971,640,640,1.0,409600,1
4972,640,640,1.0,409600,5
4973,640,640,1.0,409600,1
4974,640,640,1.0,409600,2
4975,640,640,1.0,409600,1
4976,640,640,1.0,409600,1
4977,640,640,1.0,409600,1
4978,640,640,1.0,409600,2
4979,640,640,1.0,409600,2
4980,640,640,1.0,409600,2
4981,640,640,1.0,409600,1
4982,640,640,1.0,409600,3
4983,640,640,1.0,409600,1
4984,640,640,1.0,409600,2
4985,640,640,1.0,409600,5
4986,640,640,1.0,409600,1
4987,640,640,1.0,409600,3
4988,640,640,1.0,409600,1
4989,640,640,1.0,409600,3
4990,640,640,1.0,409600,2
4991,640,640,1.0,409600,1
4992,640,640,1.0,409600,1
4993,640,640,1.0,409600,1
4994,640,640,1.0,409600,1
4995,640,640,1.0,409600,3
4996,640,640,1.0,409600,3
4997,640,640,1.0,409600,1
4998,640,640,1.0,409600,5
4999,640,640,1.0,409600,1
5000,640,640,1.0,409600,1
5001,640,640,1.0,409600,2
5002,640,640,1.0,409600,2
5003,640,640,1.0,409600,1
5004,640,640,1.0,409600,1
5005,640,640,1.0,409600,2
5006,640,640,1.0,409600,1
5007,640,640,1.0,409600,1
5008,640,640,1.0,409600,3
5009,640,640,1.0,409600,2
5010,640,640,1.0,409600,2
5011,640,640,1.0,409600,2
5012,640,640,1.0,409600,1
5013,640,640,1.0,409600,1
5014,640,640,1.0,409600,2
5015,640,640,1.0,409600,2
5016,640,640,1.0,409600,2
5017,640,640,1.0,409600,2
5018,640,640,1.0,409600,1
5019,640,640,1.0,409600,1
5020,640,640,1.0,409600,1
5021,640,640,1.0,409600,1
5022,640,640,1.0,409600,3
5023,640,640,1.0,409600,1
5024,640,640,1.0,409600,7
5025,640,640,1.0,409600,1
5026,640,640,1.0,409600,1
5027,640,640,1.0,409600,1
5028,640,640,1.0,409600,2
5029,640,640,1.0,409600,1
5030,640,640,1.0,409600,1
5031,640,640,1.0,409600,1
5032,640,640,1.0,409600,1
5033,640,640,1.0,409600,1
5034,640,640,1.0,409600,2
5035,640,640,1.0,409600,1
5036,640,640,1.0,409600,3
5037,640,640,1.0,409600,1
5038,640,640,1.0,409600,1
5039,640,640,1.0,409600,2
5040,640,640,1.0,409600,1
5041,640,640,1.0,409600,1
5042,640,640,1.0,409600,1
5043,640,640,1.0,409600,1
5044,640,640,1.0,409600,2
5045,640,640,1.0,409600,4
5046,640,640,1.0,409600,1
5047,640,640,1.0,409600,2
5048,640,640,1.0,409600,1
5049,640,640,1.0,409600,1
5050,640,640,1.0,409600,2
5051,640,640,1.0,409600,1
5052,640,640,1.0,409600,1
5053,640,640,1.0,409600,7
5054,640,640,1.0,409600,1
5055,640,640,1.0,409600,5
5056,640,640,1.0,409600,3
5057,640,640,1.0,409600,4
5058,640,640,1.0,409600,1
5059,640,640,1.0,409600,3
5060,640,640,1.0,409600,1
5061,640,640,1.0,409600,1
5062,640,640,1.0,409600,7
5063,640,640,1.0,409600,2
5064,640,640,1.0,409600,1
5065,640,640,1.0,409600,4
5066,640,640,1.0,409600,1
5067,640,640,1.0,409600,3
5068,640,640,1.0,409600,1
5069,640,640,1.0,409600,3
5070,640,640,1.0,409600,1
5071,640,640,1.0,409600,1
5072,640,640,1.0,409600,2
5073,640,640,1.0,409600,1
5074,640,640,1.0,409600,1
5075,640,640,1.0,409600,1
5076,640,640,1.0,409600,3
5077,640,640,1.0,409600,3
5078,640,640,1.0,409600,1
5079,640,640,1.0,409600,2
5080,640,640,1.0,409600,4
5081,640,640,1.0,409600,3
5082,640,640,1.0,409600,6
5083,640,640,1.0,409600,2
5084,640,640,1.0,409600,2
5085,640,640,1.0,409600,3
5086,640,640,1.0,409600,1
5087,640,640,1.0,409600,2
5088,640,640,1.0,409600,1
5089,640,640,1.0,409600,1
5090,640,640,1.0,409600,1
5091,640,640,1.0,409600,1
5092,640,640,1.0,409600,4
5093,640,640,1.0,409600,1
5094,640,640,1.0,409600,1
5095,640,640,1.0,409600,2
5096,640,640,1.0,409600,2
5097,640,640,1.0,409600,2
5098,640,640,1.0,409600,1
5099,640,640,1.0,409600,3
5100,640,640,1.0,409600,2
5101,640,640,1.0,409600,4
5102,640,640,1.0,409600,13
5103,640,640,1.0,409600,9
5104,640,640,1.0,409600,1
5105,640,640,1.0,409600,1
5106,640,640,1.0,409600,1
5107,640,640,1.0,409600,1
5108,640,640,1.0,409600,2
5109,640,640,1.0,409600,1
5110,640,640,1.0,409600,1
5111,640,640,1.0,409600,1
5112,640,640,1.0,409600,3
5113,640,640,1.0,409600,1
5114,640,640,1.0,409600,1
5115,640,640,1.0,409600,1
5116,640,640,1.0,409600,1
5117,640,640,1.0,409600,1
5118,640,640,1.0,409600,3
5119,640,640,1.0,409600,1
5120,640,640,1.0,409600,3
5121,640,640,1.0,409600,5
5122,640,640,1.0,409600,1
5123,640,640,1.0,409600,2
5124,640,640,1.0,409600,1
5125,640,640,1.0,409600,3
5126,640,640,1.0,409600,2
5127,640,640,1.0,409600,5
5128,640,640,1.0,409600,1
5129,640,640,1.0,409600,1
5130,640,640,1.0,409600,1
5131,640,640,1.0,409600,1
5132,640,640,1.0,409600,1
5133,640,640,1.0,409600,1
5134,640,640,1.0,409600,5
5135,640,640,1.0,409600,1
5136,640,640,1.0,409600,3
5137,640,640,1.0,409600,2
5138,640,640,1.0,409600,2
5139,640,640,1.0,409600,4
5140,640,640,1.0,409600,2
5141,640,640,1.0,409600,1
5142,640,640,1.0,409600,4
5143,640,640,1.0,409600,6
5144,640,640,1.0,409600,1
5145,640,640,1.0,409600,1
5146,640,640,1.0,409600,4
5147,640,640,1.0,409600,1
5148,640,640,1.0,409600,1
5149,640,640,1.0,409600,1
5150,640,640,1.0,409600,1
5151,640,640,1.0,409600,1
5152,640,640,1.0,409600,4
5153,640,640,1.0,409600,2
5154,640,640,1.0,409600,1
5155,640,640,1.0,409600,1
5156,640,640,1.0,409600,1
5157,640,640,1.0,409600,1
5158,640,640,1.0,409600,3
5159,640,640,1.0,409600,1
5160,640,640,1.0,409600,1
5161,640,640,1.0,409600,1
5162,640,640,1.0,409600,1
5163,640,640,1.0,409600,3
5164,640,640,1.0,409600,1
5165,640,640,1.0,409600,1
5166,640,640,1.0,409600,2
5167,640,640,1.0,409600,1
5168,640,640,1.0,409600,1
5169,640,640,1.0,409600,2
5170,640,640,1.0,409600,1
5171,640,640,1.0,409600,4
5172,640,640,1.0,409600,1
5173,640,640,1.0,409600,2
5174,640,640,1.0,409600,1
5175,640,640,1.0,409600,2
5176,640,640,1.0,409600,2
5177,640,640,1.0,409600,1
5178,640,640,1.0,409600,1
5179,640,640,1.0,409600,1
5180,640,640,1.0,409600,2
5181,640,640,1.0,409600,5
5182,640,640,1.0,409600,1
5183,640,640,1.0,409600,4
5184,640,640,1.0,409600,1
5185,640,640,1.0,409600,1
5186,640,640,1.0,409600,1
5187,640,640,1.0,409600,3
5188,640,640,1.0,409600,1
5189,640,640,1.0,409600,9
5190,640,640,1.0,409600,5
5191,640,640,1.0,409600,3
5192,640,640,1.0,409600,1
5193,640,640,1.0,409600,1
5194,640,640,1.0,409600,8
5195,640,640,1.0,409600,1
5196,640,640,1.0,409600,1
5197,640,640,1.0,409600,3
5198,640,640,1.0,409600,1
5199,640,640,1.0,409600,3
5200,640,640,1.0,409600,4
5201,640,640,1.0,409600,5
5202,640,640,1.0,409600,2
5203,640,640,1.0,409600,1
5204,640,640,1.0,409600,1
5205,640,640,1.0,409600,4
5206,640,640,1.0,409600,1
5207,640,640,1.0,409600,2
5208,640,640,1.0,409600,1
5209,640,640,1.0,409600,1
5210,640,640,1.0,409600,3
5211,640,640,1.0,409600,1
5212,640,640,1.0,409600,1
5213,640,640,1.0,409600,1
5214,640,640,1.0,409600,1
5215,640,640,1.0,409600,4
5216,640,640,1.0,409600,1
5217,640,640,1.0,409600,1
5218,640,640,1.0,409600,7
5219,640,640,1.0,409600,1
5220,640,640,1.0,409600,1
5221,640,640,1.0,409600,3
5222,640,640,1.0,409600,2
5223,640,640,1.0,409600,1
5224,640,640,1.0,409600,1
5225,640,640,1.0,409600,2
5226,640,640,1.0,409600,1
5227,640,640,1.0,409600,1
5228,640,640,1.0,409600,2
5229,640,640,1.0,409600,1
5230,640,640,1.0,409600,1
5231,640,640,1.0,409600,5
5232,640,640,1.0,409600,2
5233,640,640,1.0,409600,1
5234,640,640,1.0,409600,8
5235,640,640,1.0,409600,1
5236,640,640,1.0,409600,1
5237,640,640,1.0,409600,2
5238,640,640,1.0,409600,6
5239,640,640,1.0,409600,2
5240,640,640,1.0,409600,3
5241,640,640,1.0,409600,2
5242,640,640,1.0,409600,2
5243,640,640,1.0,409600,5
5244,640,640,1.0,409600,2
5245,640,640,1.0,409600,1
5246,640,640,1.0,409600,2
5247,640,640,1.0,409600,1
5248,640,640,1.0,409600,1
5249,640,640,1.0,409600,1
5250,640,640,1.0,409600,1
5251,640,640,1.0,409600,6
5252,640,640,1.0,409600,1
5253,640,640,1.0,409600,5
5254,640,640,1.0,409600,1
5255,640,640,1.0,409600,1
5256,640,640,1.0,409600,5
5257,640,640,1.0,409600,1
5258,640,640,1.0,409600,2
5259,640,640,1.0,409600,2
5260,640,640,1.0,409600,1
5261,640,640,1.0,409600,1
5262,640,640,1.0,409600,1
5263,640,640,1.0,409600,1
5264,640,640,1.0,409600,1
5265,640,640,1.0,409600,3
5266,640,640,1.0,409600,1
5267,640,640,1.0,409600,1
5268,640,640,1.0,409600,1
5269,640,640,1.0,409600,2
5270,640,640,1.0,409600,1
5271,640,640,1.0,409600,1
5272,640,640,1.0,409600,1
5273,640,640,1.0,409600,3
5274,640,640,1.0,409600,1
5275,640,640,1.0,409600,1
5276,640,640,1.0,409600,1
5277,640,640,1.0,409600,3
5278,640,640,1.0,409600,1
5279,640,640,1.0,409600,1
5280,640,640,1.0,409600,2
5281,640,640,1.0,409600,1
5282,640,640,1.0,409600,1
5283,640,640,1.0,409600,1
5284,640,640,1.0,409600,1
5285,640,640,1.0,409600,2
5286,640,640,1.0,409600,1
5287,640,640,1.0,409600,2
5288,640,640,1.0,409600,1
5289,640,640,1.0,409600,1
5290,640,640,1.0,409600,6
5291,640,640,1.0,409600,1
5292,640,640,1.0,409600,1
5293,640,640,1.0,409600,2
5294,640,640,1.0,409600,6
5295,640,640,1.0,409600,1
5296,640,640,1.0,409600,3
5297,640,640,1.0,409600,2
5298,640,640,1.0,409600,2
5299,640,640,1.0,409600,1
5300,640,640,1.0,409600,1
5301,640,640,1.0,409600,2
5302,640,640,1.0,409600,1
5303,640,640,1.0,409600,6
5304,640,640,1.0,409600,1
5305,640,640,1.0,409600,3
5306,640,640,1.0,409600,2
5307,640,640,1.0,409600,1
5308,640,640,1.0,409600,1
5309,640,640,1.0,409600,1
5310,640,640,1.0,409600,1
5311,640,640,1.0,409600,1
5312,640,640,1.0,409600,2
5313,640,640,1.0,409600,1
5314,640,640,1.0,409600,1
5315,640,640,1.0,409600,3
5316,640,640,1.0,409600,1
5317,640,640,1.0,409600,2
5318,640,640,1.0,409600,1
5319,640,640,1.0,409600,1
5320,640,640,1.0,409600,1
5321,640,640,1.0,409600,1
5322,640,640,1.0,409600,1
5323,640,640,1.0,409600,2
5324,640,640,1.0,409600,3
5325,640,640,1.0,409600,1
5326,640,640,1.0,409600,1
5327,640,640,1.0,409600,2
5328,640,640,1.0,409600,2
5329,640,640,1.0,409600,1
5330,640,640,1.0,409600,1
5331,640,640,1.0,409600,1
5332,640,640,1.0,409600,1
5333,640,640,1.0,409600,6
5334,640,640,1.0,409600,2
5335,640,640,1.0,409600,1
5336,640,640,1.0,409600,2
5337,640,640,1.0,409600,2
5338,640,640,1.0,409600,1
5339,640,640,1.0,409600,1
5340,640,640,1.0,409600,1
5341,640,640,1.0,409600,2
5342,640,640,1.0,409600,1
5343,640,640,1.0,409600,3
5344,640,640,1.0,409600,1
5345,640,640,1.0,409600,2
5346,640,640,1.0,409600,1
5347,640,640,1.0,409600,2
5348,640,640,1.0,409600,2
5349,640,640,1.0,409600,1
5350,640,640,1.0,409600,1
5351,640,640,1.0,409600,1
5352,640,640,1.0,409600,5
5353,640,640,1.0,409600,3
5354,640,640,1.0,409600,1
5355,640,640,1.0,409600,1
5356,640,640,1.0,409600,1
5357,640,640,1.0,409600,4
5358,640,640,1.0,409600,3
5359,640,640,1.0,409600,1
5360,640,640,1.0,409600,1
5361,640,640,1.0,409600,1
5362,640,640,1.0,409600,1
5363,640,640,1.0,409600,3
5364,640,640,1.0,409600,2
5365,640,640,1.0,409600,1
5366,640,640,1.0,409600,2
5367,640,640,1.0,409600,4
5368,640,640,1.0,409600,1
5369,640,640,1.0,409600,1
5370,640,640,1.0,409600,2
5371,640,640,1.0,409600,1
5372,640,640,1.0,409600,4
5373,640,640,1.0,409600,3
5374,640,640,1.0,409600,6
5375,640,640,1.0,409600,1
5376,640,640,1.0,409600,5
5377,640,640,1.0,409600,1
5378,640,640,1.0,409600,1
5379,640,640,1.0,409600,1
5380,640,640,1.0,409600,11
5381,640,640,1.0,409600,6
5382,640,640,1.0,409600,1
5383,640,640,1.0,409600,1
5384,640,640,1.0,409600,1
5385,640,640,1.0,409600,2
5386,640,640,1.0,409600,1
5387,640,640,1.0,409600,3
5388,640,640,1.0,409600,2
5389,640,640,1.0,409600,1
5390,640,640,1.0,409600,1
5391,640,640,1.0,409600,2
5392,640,640,1.0,409600,2
5393,640,640,1.0,409600,1
5394,640,640,1.0,409600,6
5395,640,640,1.0,409600,1
5396,640,640,1.0,409600,1
5397,640,640,1.0,409600,1
5398,640,640,1.0,409600,1
5399,640,640,1.0,409600,3
5400,640,640,1.0,409600,2
5401,640,640,1.0,409600,2
5402,640,640,1.0,409600,4
5403,640,640,1.0,409600,2
5404,640,640,1.0,409600,3
5405,640,640,1.0,409600,7
5406,640,640,1.0,409600,3
5407,640,640,1.0,409600,1
5408,640,640,1.0,409600,3
5409,640,640,1.0,409600,1
5410,640,640,1.0,409600,1
5411,640,640,1.0,409600,1
5412,640,640,1.0,409600,1
5413,640,640,1.0,409600,1
5414,640,640,1.0,409600,1
5415,640,640,1.0,409600,1
5416,640,640,1.0,409600,2
5417,640,640,1.0,409600,4
5418,640,640,1.0,409600,1
5419,640,640,1.0,409600,1
5420,640,640,1.0,409600,4
5421,640,640,1.0,409600,1
5422,640,640,1.0,409600,9
5423,640,640,1.0,409600,2
5424,640,640,1.0,409600,1
5425,640,640,1.0,409600,1
5426,640,640,1.0,409600,3
5427,640,640,1.0,409600,2
5428,640,640,1.0,409600,7
5429,640,640,1.0,409600,2
5430,640,640,1.0,409600,2
5431,640,640,1.0,409600,4
5432,640,640,1.0,409600,1
5433,640,640,1.0,409600,2
5434,640,640,1.0,409600,1
5435,640,640,1.0,409600,1
5436,640,640,1.0,409600,1
5437,640,640,1.0,409600,3
5438,640,640,1.0,409600,2
5439,640,640,1.0,409600,2
5440,640,640,1.0,409600,4
5441,640,640,1.0,409600,1
5442,640,640,1.0,409600,1
5443,640,640,1.0,409600,8
5444,640,640,1.0,409600,3
5445,640,640,1.0,409600,2
5446,640,640,1.0,409600,2
5447,640,640,1.0,409600,4
5448,640,640,1.0,409600,3
5449,640,640,1.0,409600,1
5450,640,640,1.0,409600,5
5451,640,640,1.0,409600,5
5452,640,640,1.0,409600,1
5453,640,640,1.0,409600,1
5454,640,640,1.0,409600,4
5455,640,640,1.0,409600,2
5456,640,640,1.0,409600,3
5457,640,640,1.0,409600,8
5458,640,640,1.0,409600,1
5459,640,640,1.0,409600,1
5460,640,640,1.0,409600,3
5461,640,640,1.0,409600,1
5462,640,640,1.0,409600,1
5463,640,640,1.0,409600,10
5464,640,640,1.0,409600,1
5465,640,640,1.0,409600,3
5466,640,640,1.0,409600,1
5467,640,640,1.0,409600,1
5468,640,640,1.0,409600,1
5469,640,640,1.0,409600,3
5470,640,640,1.0,409600,2
5471,640,640,1.0,409600,3
5472,640,640,1.0,409600,2
5473,640,640,1.0,409600,1
5474,640,640,1.0,409600,3
5475,640,640,1.0,409600,2
5476,640,640,1.0,409600,1
5477,640,640,1.0,409600,1
5478,640,640,1.0,409600,1
5479,640,640,1.0,409600,1
5480,640,640,1.0,409600,2
5481,640,640,1.0,409600,2
5482,640,640,1.0,409600,1
5483,640,640,1.0,409600,3
5484,640,640,1.0,409600,1
5485,640,640,1.0,409600,1
5486,640,640,1.0,409600,1
5487,640,640,1.0,409600,1
5488,640,640,1.0,409600,1
5489,640,640,1.0,409600,1
5490,640,640,1.0,409600,1
5491,640,640,1.0,409600,1
5492,640,640,1.0,409600,4
5493,640,640,1.0,409600,2
5494,640,640,1.0,409600,2
5495,640,640,1.0,409600,1
5496,640,640,1.0,409600,1
5497,640,640,1.0,409600,2
5498,640,640,1.0,409600,1
5499,640,640,1.0,409600,4
5500,640,640,1.0,409600,1
5501,640,640,1.0,409600,1
5502,640,640,1.0,409600,2
5503,640,640,1.0,409600,1
5504,640,640,1.0,409600,7
5505,640,640,1.0,409600,6
5506,640,640,1.0,409600,1
5507,640,640,1.0,409600,2
5508,640,640,1.0,409600,3
5509,640,640,1.0,409600,3
5510,640,640,1.0,409600,4
5511,640,640,1.0,409600,1
5512,640,640,1.0,409600,2
5513,640,640,1.0,409600,1
5514,640,640,1.0,409600,1
5515,640,640,1.0,409600,1
5516,640,640,1.0,409600,1
5517,640,640,1.0,409600,2
5518,640,640,1.0,409600,1
5519,640,640,1.0,409600,1
5520,640,640,1.0,409600,1
5521,640,640,1.0,409600,1
5522,640,640,1.0,409600,1
5523,640,640,1.0,409600,2
5524,640,640,1.0,409600,2
5525,640,640,1.0,409600,1
5526,640,640,1.0,409600,3
5527,640,640,1.0,409600,2
5528,640,640,1.0,409600,2
5529,640,640,1.0,409600,2
5530,640,640,1.0,409600,6
5531,640,640,1.0,409600,1
5532,640,640,1.0,409600,2
5533,640,640,1.0,409600,2
5534,640,640,1.0,409600,1
5535,640,640,1.0,409600,3
5536,640,640,1.0,409600,2
5537,640,640,1.0,409600,1
5538,640,640,1.0,409600,2
5539,640,640,1.0,409600,1
5540,640,640,1.0,409600,1
5541,640,640,1.0,409600,6
5542,640,640,1.0,409600,2
5543,640,640,1.0,409600,1
5544,640,640,1.0,409600,1
5545,640,640,1.0,409600,1
5546,640,640,1.0,409600,1
5547,640,640,1.0,409600,2
5548,640,640,1.0,409600,1
5549,640,640,1.0,409600,1
5550,640,640,1.0,409600,13
5551,640,640,1.0,409600,2
5552,640,640,1.0,409600,2
5553,640,640,1.0,409600,1
5554,640,640,1.0,409600,3
5555,640,640,1.0,409600,1
5556,640,640,1.0,409600,1
5557,640,640,1.0,409600,3
5558,640,640,1.0,409600,2
5559,640,640,1.0,409600,3
5560,640,640,1.0,409600,2
5561,640,640,1.0,409600,1
5562,640,640,1.0,409600,4
5563,640,640,1.0,409600,1
5564,640,640,1.0,409600,1
5565,640,640,1.0,409600,6
5566,640,640,1.0,409600,1
5567,640,640,1.0,409600,1
5568,640,640,1.0,409600,5
5569,640,640,1.0,409600,1
5570,640,640,1.0,409600,2
5571,640,640,1.0,409600,1
5572,640,640,1.0,409600,4
5573,640,640,1.0,409600,2
5574,640,640,1.0,409600,1
5575,640,640,1.0,409600,1
5576,640,640,1.0,409600,1
5577,640,640,1.0,409600,1
5578,640,640,1.0,409600,1
5579,640,640,1.0,409600,1
5580,640,640,1.0,409600,2
5581,640,640,1.0,409600,1
5582,640,640,1.0,409600,6
5583,640,640,1.0,409600,3
5584,640,640,1.0,409600,1
5585,640,640,1.0,409600,1
5586,640,640,1.0,409600,1
5587,640,640,1.0,409600,1
5588,640,640,1.0,409600,2
5589,640,640,1.0,409600,1
5590,640,640,1.0,409600,1
5591,640,640,1.0,409600,1
5592,640,640,1.0,409600,1
5593,640,640,1.0,409600,1
5594,640,640,1.0,409600,1
5595,640,640,1.0,409600,2
5596,640,640,1.0,409600,1
5597,640,640,1.0,409600,5
5598,640,640,1.0,409600,2
5599,640,640,1.0,409600,3
5600,640,640,1.0,409600,1
5601,640,640,1.0,409600,1
5602,640,640,1.0,409600,1
5603,640,640,1.0,409600,1
5604,640,640,1.0,409600,1
5605,640,640,1.0,409600,2
5606,640,640,1.0,409600,1
5607,640,640,1.0,409600,2
5608,640,640,1.0,409600,1
5609,640,640,1.0,409600,1
5610,640,640,1.0,409600,6
5611,640,640,1.0,409600,2
5612,640,640,1.0,409600,1
5613,640,640,1.0,409600,1
5614,640,640,1.0,409600,2
5615,640,640,1.0,409600,5
5616,640,640,1.0,409600,1
5617,640,640,1.0,409600,1
5618,640,640,1.0,409600,3
5619,640,640,1.0,409600,1
5620,640,640,1.0,409600,1
5621,640,640,1.0,409600,1
5622,640,640,1.0,409600,1
5623,640,640,1.0,409600,2
5624,640,640,1.0,409600,1
5625,640,640,1.0,409600,1
5626,640,640,1.0,409600,1
5627,640,640,1.0,409600,1
5628,640,640,1.0,409600,1
5629,640,640,1.0,409600,1
5630,640,640,1.0,409600,1
5631,640,640,1.0,409600,4
5632,640,640,1.0,409600,1
5633,640,640,1.0,409600,1
5634,640,640,1.0,409600,1
5635,640,640,1.0,409600,7
5636,640,640,1.0,409600,8
5637,640,640,1.0,409600,1
5638,640,640,1.0,409600,4
5639,640,640,1.0,409600,2
5640,640,640,1.0,409600,5
5641,640,640,1.0,409600,1
5642,640,640,1.0,409600,1
5643,640,640,1.0,409600,2
5644,640,640,1.0,409600,1
5645,640,640,1.0,409600,2
5646,640,640,1.0,409600,1
5647,640,640,1.0,409600,1
5648,640,640,1.0,409600,4
5649,640,640,1.0,409600,4
5650,640,640,1.0,409600,1
5651,640,640,1.0,409600,1
5652,640,640,1.0,409600,3
5653,640,640,1.0,409600,6
5654,640,640,1.0,409600,1
5655,640,640,1.0,409600,4
5656,640,640,1.0,409600,5
5657,640,640,1.0,409600,1
5658,640,640,1.0,409600,2
5659,640,640,1.0,409600,1
5660,640,640,1.0,409600,1
5661,640,640,1.0,409600,3
5662,640,640,1.0,409600,1
5663,640,640,1.0,409600,2
5664,640,640,1.0,409600,5
5665,640,640,1.0,409600,3
5666,640,640,1.0,409600,1
5667,640,640,1.0,409600,2
5668,640,640,1.0,409600,8
5669,640,640,1.0,409600,1
5670,640,640,1.0,409600,2
5671,640,640,1.0,409600,1
5672,640,640,1.0,409600,1
5673,640,640,1.0,409600,1
5674,640,640,1.0,409600,8
5675,640,640,1.0,409600,2
5676,640,640,1.0,409600,3
5677,640,640,1.0,409600,1
5678,640,640,1.0,409600,3
5679,640,640,1.0,409600,7
5680,640,640,1.0,409600,1
5681,640,640,1.0,409600,1
5682,640,640,1.0,409600,1
5683,640,640,1.0,409600,2
5684,640,640,1.0,409600,2
5685,640,640,1.0,409600,1
5686,640,640,1.0,409600,1
5687,640,640,1.0,409600,1
5688,640,640,1.0,409600,2
5689,640,640,1.0,409600,1
5690,640,640,1.0,409600,1
5691,640,640,1.0,409600,2
5692,640,640,1.0,409600,1
5693,640,640,1.0,409600,1
5694,640,640,1.0,409600,1
5695,640,640,1.0,409600,1
5696,640,640,1.0,409600,1
5697,640,640,1.0,409600,1
5698,640,640,1.0,409600,2
5699,640,640,1.0,409600,1
5700,640,640,1.0,409600,2
5701,640,640,1.0,409600,1
5702,640,640,1.0,409600,1
5703,640,640,1.0,409600,1
5704,640,640,1.0,409600,1
5705,640,640,1.0,409600,1
5706,640,640,1.0,409600,1
5707,640,640,1.0,409600,4
5708,640,640,1.0,409600,1
5709,640,640,1.0,409600,3
5710,640,640,1.0,409600,5
5711,640,640,1.0,409600,2
5712,640,640,1.0,409600,3
5713,640,640,1.0,409600,4
5714,640,640,1.0,409600,3
5715,640,640,1.0,409600,1
5716,640,640,1.0,409600,1
5717,640,640,1.0,409600,1
5718,640,640,1.0,409600,1
5719,640,640,1.0,409600,1
5720,640,640,1.0,409600,2
5721,640,640,1.0,409600,3
5722,640,640,1.0,409600,1
5723,640,640,1.0,409600,2
5724,640,640,1.0,409600,1
5725,640,640,1.0,409600,2
5726,640,640,1.0,409600,5
5727,640,640,1.0,409600,1
5728,640,640,1.0,409600,1
5729,640,640,1.0,409600,2
5730,640,640,1.0,409600,1
5731,640,640,1.0,409600,1
5732,640,640,1.0,409600,4
5733,640,640,1.0,409600,3
5734,640,640,1.0,409600,1
5735,640,640,1.0,409600,1
5736,640,640,1.0,409600,1
5737,640,640,1.0,409600,4
5738,640,640,1.0,409600,4
5739,640,640,1.0,409600,1
5740,640,640,1.0,409600,2
5741,640,640,1.0,409600,2
5742,640,640,1.0,409600,1
5743,640,640,1.0,409600,1
5744,640,640,1.0,409600,1
5745,640,640,1.0,409600,1
5746,640,640,1.0,409600,5
5747,640,640,1.0,409600,2
5748,640,640,1.0,409600,2
5749,640,640,1.0,409600,1
5750,640,640,1.0,409600,1
5751,640,640,1.0,409600,1
5752,640,640,1.0,409600,2
5753,640,640,1.0,409600,1
5754,640,640,1.0,409600,1
5755,640,640,1.0,409600,2
5756,640,640,1.0,409600,1
5757,640,640,1.0,409600,1
5758,640,640,1.0,409600,2
5759,640,640,1.0,409600,3
5760,640,640,1.0,409600,1
5761,640,640,1.0,409600,1
5762,640,640,1.0,409600,1
5763,640,640,1.0,409600,2
5764,640,640,1.0,409600,1
5765,640,640,1.0,409600,1
5766,640,640,1.0,409600,6
5767,640,640,1.0,409600,1
5768,640,640,1.0,409600,1
5769,640,640,1.0,409600,2
5770,640,640,1.0,409600,1
5771,640,640,1.0,409600,1
5772,640,640,1.0,409600,4
5773,640,640,1.0,409600,2
5774,640,640,1.0,409600,1
5775,640,640,1.0,409600,1
5776,640,640,1.0,409600,4
5777,640,640,1.0,409600,2
5778,640,640,1.0,409600,3
5779,640,640,1.0,409600,1
5780,640,640,1.0,409600,1
5781,640,640,1.0,409600,2
5782,640,640,1.0,409600,1
5783,640,640,1.0,409600,1
5784,640,640,1.0,409600,4
5785,640,640,1.0,409600,1
5786,640,640,1.0,409600,1
5787,640,640,1.0,409600,2
5788,640,640,1.0,409600,3
5789,640,640,1.0,409600,1
5790,640,640,1.0,409600,4
5791,640,640,1.0,409600,1
5792,640,640,1.0,409600,1
5793,640,640,1.0,409600,1
5794,640,640,1.0,409600,1
5795,640,640,1.0,409600,1
5796,640,640,1.0,409600,1
5797,640,640,1.0,409600,2
5798,640,640,1.0,409600,1
5799,640,640,1.0,409600,2
5800,640,640,1.0,409600,1
5801,640,640,1.0,409600,1
5802,640,640,1.0,409600,1
5803,640,640,1.0,409600,2
5804,640,640,1.0,409600,1
5805,640,640,1.0,409600,7
5806,640,640,1.0,409600,3
5807,640,640,1.0,409600,2
5808,640,640,1.0,409600,3
5809,640,640,1.0,409600,3
5810,640,640,1.0,409600,1
5811,640,640,1.0,409600,1
5812,640,640,1.0,409600,1
5813,640,640,1.0,409600,1
5814,640,640,1.0,409600,1
5815,640,640,1.0,409600,2
5816,640,640,1.0,409600,3
5817,640,640,1.0,409600,2
5818,640,640,1.0,409600,3
5819,640,640,1.0,409600,1
5820,640,640,1.0,409600,3
5821,640,640,1.0,409600,6
5822,640,640,1.0,409600,1
5823,640,640,1.0,409600,1
5824,640,640,1.0,409600,1
5825,640,640,1.0,409600,2
5826,640,640,1.0,409600,3
5827,640,640,1.0,409600,1
5828,640,640,1.0,409600,1
5829,640,640,1.0,409600,1
5830,640,640,1.0,409600,1
5831,640,640,1.0,409600,1
5832,640,640,1.0,409600,1
5833,640,640,1.0,409600,2
5834,640,640,1.0,409600,1
5835,640,640,1.0,409600,1
5836,640,640,1.0,409600,1
5837,640,640,1.0,409600,3
5838,640,640,1.0,409600,2
5839,640,640,1.0,409600,1
5840,640,640,1.0,409600,2
5841,640,640,1.0,409600,1
5842,640,640,1.0,409600,1
5843,640,640,1.0,409600,1
5844,640,640,1.0,409600,2
5845,640,640,1.0,409600,1
5846,640,640,1.0,409600,1
5847,640,640,1.0,409600,1
5848,640,640,1.0,409600,1
5849,640,640,1.0,409600,1
5850,640,640,1.0,409600,1
5851,640,640,1.0,409600,1
5852,640,640,1.0,409600,3
5853,640,640,1.0,409600,2
5854,640,640,1.0,409600,1
5855,640,640,1.0,409600,1
5856,640,640,1.0,409600,1
5857,640,640,1.0,409600,1
5858,640,640,1.0,409600,1
5859,640,640,1.0,409600,3
5860,640,640,1.0,409600,1
5861,640,640,1.0,409600,1
5862,640,640,1.0,409600,1
5863,640,640,1.0,409600,2
5864,640,640,1.0,409600,1
5865,640,640,1.0,409600,1
5866,640,640,1.0,409600,1
5867,640,640,1.0,409600,1
5868,640,640,1.0,409600,1
5869,640,640,1.0,409600,2
5870,640,640,1.0,409600,2
5871,640,640,1.0,409600,2
5872,640,640,1.0,409600,1
5873,640,640,1.0,409600,2
5874,640,640,1.0,409600,25
5875,640,640,1.0,409600,1
5876,640,640,1.0,409600,2
5877,640,640,1.0,409600,8
5878,640,640,1.0,409600,1
5879,640,640,1.0,409600,2
5880,640,640,1.0,409600,1
5881,640,640,1.0,409600,2
5882,640,640,1.0,409600,1
5883,640,640,1.0,409600,2
5884,640,640,1.0,409600,1
5885,640,640,1.0,409600,1
5886,640,640,1.0,409600,1
5887,640,640,1.0,409600,3
5888,640,640,1.0,409600,8
5889,640,640,1.0,409600,2
5890,640,640,1.0,409600,3
5891,640,640,1.0,409600,1
5892,640,640,1.0,409600,1
5893,640,640,1.0,409600,1
5894,640,640,1.0,409600,1
5895,640,640,1.0,409600,1
5896,640,640,1.0,409600,3
5897,640,640,1.0,409600,10
5898,640,640,1.0,409600,1
5899,640,640,1.0,409600,1
5900,640,640,1.0,409600,1
5901,640,640,1.0,409600,1
5902,640,640,1.0,409600,3
5903,640,640,1.0,409600,2
5904,640,640,1.0,409600,3
5905,640,640,1.0,409600,1
5906,640,640,1.0,409600,1
5907,640,640,1.0,409600,1
5908,640,640,1.0,409600,1
5909,640,640,1.0,409600,6
5910,640,640,1.0,409600,3
5911,640,640,1.0,409600,2
5912,640,640,1.0,409600,3
5913,640,640,1.0,409600,3
5914,640,640,1.0,409600,3
5915,640,640,1.0,409600,1
5916,640,640,1.0,409600,1
5917,640,640,1.0,409600,1
5918,640,640,1.0,409600,1
5919,640,640,1.0,409600,3
5920,640,640,1.0,409600,1
5921,640,640,1.0,409600,3
5922,640,640,1.0,409600,3
5923,640,640,1.0,409600,3
5924,640,640,1.0,409600,1
5925,640,640,1.0,409600,1
5926,640,640,1.0,409600,1
5927,640,640,1.0,409600,3
5928,640,640,1.0,409600,3
5929,640,640,1.0,409600,1
5930,640,640,1.0,409600,1
5931,640,640,1.0,409600,1
5932,640,640,1.0,409600,1
5933,640,640,1.0,409600,1
5934,640,640,1.0,409600,1
5935,640,640,1.0,409600,1
5936,640,640,1.0,409600,1
5937,640,640,1.0,409600,1
5938,640,640,1.0,409600,1
5939,640,640,1.0,409600,2
5940,640,640,1.0,409600,2
5941,640,640,1.0,409600,3
5942,640,640,1.0,409600,1
5943,640,640,1.0,409600,1
5944,640,640,1.0,409600,1
5945,640,640,1.0,409600,2
5946,640,640,1.0,409600,1
5947,640,640,1.0,409600,1
5948,640,640,1.0,409600,1
5949,640,640,1.0,409600,2
5950,640,640,1.0,409600,1
5951,640,640,1.0,409600,2
5952,640,640,1.0,409600,1
5953,640,640,1.0,409600,1
5954,640,640,1.0,409600,4
5955,640,640,1.0,409600,2
5956,640,640,1.0,409600,1
5957,640,640,1.0,409600,3
5958,640,640,1.0,409600,1
5959,640,640,1.0,409600,2
5960,640,640,1.0,409600,1
5961,640,640,1.0,409600,1
5962,640,640,1.0,409600,2
5963,640,640,1.0,409600,1
5964,640,640,1.0,409600,1
5965,640,640,1.0,409600,1
5966,640,640,1.0,409600,2
5967,640,640,1.0,409600,1
5968,640,640,1.0,409600,1
5969,640,640,1.0,409600,2
5970,640,640,1.0,409600,4
5971,640,640,1.0,409600,1
5972,640,640,1.0,409600,1
5973,640,640,1.0,409600,1
5974,640,640,1.0,409600,1
5975,640,640,1.0,409600,1
5976,640,640,1.0,409600,7
5977,640,640,1.0,409600,1
5978,640,640,1.0,409600,1
5979,640,640,1.0,409600,2
5980,640,640,1.0,409600,1
5981,640,640,1.0,409600,2
5982,640,640,1.0,409600,1
5983,640,640,1.0,409600,1
5984,640,640,1.0,409600,4
5985,640,640,1.0,409600,1
5986,640,640,1.0,409600,1
5987,640,640,1.0,409600,16
5988,640,640,1.0,409600,3
5989,640,640,1.0,409600,2
5990,640,640,1.0,409600,2
5991,640,640,1.0,409600,7
5992,640,640,1.0,409600,3
5993,640,640,1.0,409600,3
5994,640,640,1.0,409600,9
5995,640,640,1.0,409600,1
5996,640,640,1.0,409600,1
5997,640,640,1.0,409600,3
5998,640,640,1.0,409600,1
5999,640,640,1.0,409600,1
6000,640,640,1.0,409600,1
6001,640,640,1.0,409600,1
6002,640,640,1.0,409600,1
6003,640,640,1.0,409600,1
6004,640,640,1.0,409600,1
6005,640,640,1.0,409600,2
6006,640,640,1.0,409600,1
6007,640,640,1.0,409600,1
6008,640,640,1.0,409600,8
6009,640,640,1.0,409600,1
6010,640,640,1.0,409600,1
6011,640,640,1.0,409600,1
6012,640,640,1.0,409600,1
6013,640,640,1.0,409600,2
6014,640,640,1.0,409600,1
6015,640,640,1.0,409600,1
6016,640,640,1.0,409600,5
6017,640,640,1.0,409600,2
6018,640,640,1.0,409600,1
6019,640,640,1.0,409600,1
6020,640,640,1.0,409600,1
6021,640,640,1.0,409600,8
6022,640,640,1.0,409600,1
6023,640,640,1.0,409600,5
6024,640,640,1.0,409600,6
6025,640,640,1.0,409600,3
6026,640,640,1.0,409600,1
6027,640,640,1.0,409600,1
6028,640,640,1.0,409600,1
6029,640,640,1.0,409600,1
6030,640,640,1.0,409600,3
6031,640,640,1.0,409600,1
6032,640,640,1.0,409600,1
6033,640,640,1.0,409600,2
6034,640,640,1.0,409600,1
6035,640,640,1.0,409600,1
6036,640,640,1.0,409600,1
6037,640,640,1.0,409600,1
6038,640,640,1.0,409600,2
6039,640,640,1.0,409600,4
6040,640,640,1.0,409600,1
6041,640,640,1.0,409600,1
6042,640,640,1.0,409600,1
6043,640,640,1.0,409600,1
6044,640,640,1.0,409600,1
6045,640,640,1.0,409600,1
6046,640,640,1.0,409600,2
6047,640,640,1.0,409600,1
6048,640,640,1.0,409600,5
6049,640,640,1.0,409600,1
6050,640,640,1.0,409600,1
6051,640,640,1.0,409600,4
6052,640,640,1.0,409600,1
6053,640,640,1.0,409600,1
6054,640,640,1.0,409600,4
6055,640,640,1.0,409600,2
6056,640,640,1.0,409600,2
6057,640,640,1.0,409600,3
6058,640,640,1.0,409600,7
6059,640,640,1.0,409600,1
6060,640,640,1.0,409600,1
6061,640,640,1.0,409600,3
6062,640,640,1.0,409600,4
6063,640,640,1.0,409600,2
6064,640,640,1.0,409600,1
6065,640,640,1.0,409600,1
6066,640,640,1.0,409600,1
6067,640,640,1.0,409600,6
6068,640,640,1.0,409600,2
6069,640,640,1.0,409600,3
6070,640,640,1.0,409600,2
6071,640,640,1.0,409600,1
6072,640,640,1.0,409600,2
6073,640,640,1.0,409600,3
6074,640,640,1.0,409600,3
6075,640,640,1.0,409600,1
6076,640,640,1.0,409600,1
6077,640,640,1.0,409600,2
6078,640,640,1.0,409600,1
6079,640,640,1.0,409600,1
6080,640,640,1.0,409600,3
6081,640,640,1.0,409600,1
6082,640,640,1.0,409600,3
6083,640,640,1.0,409600,1
6084,640,640,1.0,409600,1
6085,640,640,1.0,409600,1
6086,640,640,1.0,409600,10
6087,640,640,1.0,409600,4
6088,640,640,1.0,409600,1
6089,640,640,1.0,409600,2
6090,640,640,1.0,409600,1
6091,640,640,1.0,409600,1
6092,640,640,1.0,409600,1
6093,640,640,1.0,409600,3
6094,640,640,1.0,409600,2
6095,640,640,1.0,409600,5
6096,640,640,1.0,409600,1
6097,640,640,1.0,409600,1
6098,640,640,1.0,409600,7
6099,640,640,1.0,409600,1
6100,640,640,1.0,409600,4
6101,640,640,1.0,409600,1
6102,640,640,1.0,409600,2
6103,640,640,1.0,409600,1
6104,640,640,1.0,409600,3
6105,640,640,1.0,409600,1
6106,640,640,1.0,409600,2
6107,640,640,1.0,409600,2
6108,640,640,1.0,409600,1
6109,640,640,1.0,409600,1
6110,640,640,1.0,409600,1
6111,640,640,1.0,409600,2
6112,640,640,1.0,409600,1
6113,640,640,1.0,409600,1
6114,640,640,1.0,409600,4
6115,640,640,1.0,409600,1
6116,640,640,1.0,409600,5
6117,640,640,1.0,409600,8
6118,640,640,1.0,409600,2
6119,640,640,1.0,409600,1
6120,640,640,1.0,409600,1
6121,640,640,1.0,409600,4
6122,640,640,1.0,409600,1
6123,640,640,1.0,409600,2
6124,640,640,1.0,409600,1
6125,640,640,1.0,409600,2
6126,640,640,1.0,409600,2
6127,640,640,1.0,409600,3
6128,640,640,1.0,409600,2
6129,640,640,1.0,409600,1
6130,640,640,1.0,409600,2
6131,640,640,1.0,409600,7
6132,640,640,1.0,409600,1
6133,640,640,1.0,409600,3
6134,640,640,1.0,409600,3
6135,640,640,1.0,409600,1
6136,640,640,1.0,409600,1
6137,640,640,1.0,409600,4
6138,640,640,1.0,409600,1
6139,640,640,1.0,409600,1
6140,640,640,1.0,409600,1
6141,640,640,1.0,409600,6
6142,640,640,1.0,409600,1
6143,640,640,1.0,409600,1
6144,640,640,1.0,409600,1
6145,640,640,1.0,409600,1
6146,640,640,1.0,409600,1
6147,640,640,1.0,409600,2
6148,640,640,1.0,409600,4
6149,640,640,1.0,409600,2
6150,640,640,1.0,409600,1
6151,640,640,1.0,409600,1
6152,640,640,1.0,409600,1
6153,640,640,1.0,409600,1
6154,640,640,1.0,409600,1
6155,640,640,1.0,409600,1
6156,640,640,1.0,409600,1
6157,640,640,1.0,409600,1
6158,640,640,1.0,409600,1
6159,640,640,1.0,409600,1
6160,640,640,1.0,409600,1
6161,640,640,1.0,409600,1
6162,640,640,1.0,409600,2
6163,640,640,1.0,409600,3
6164,640,640,1.0,409600,1
6165,640,640,1.0,409600,1
6166,640,640,1.0,409600,3
6167,640,640,1.0,409600,2
6168,640,640,1.0,409600,1
6169,640,640,1.0,409600,1
6170,640,640,1.0,409600,1
6171,640,640,1.0,409600,2
6172,640,640,1.0,409600,1
6173,640,640,1.0,409600,1
6174,640,640,1.0,409600,1
6175,640,640,1.0,409600,1
6176,640,640,1.0,409600,3
6177,640,640,1.0,409600,1
6178,640,640,1.0,409600,1
6179,640,640,1.0,409600,4
6180,640,640,1.0,409600,2
6181,640,640,1.0,409600,2
6182,640,640,1.0,409600,1
6183,640,640,1.0,409600,1
6184,640,640,1.0,409600,1
6185,640,640,1.0,409600,1
6186,640,640,1.0,409600,1
6187,640,640,1.0,409600,1
6188,640,640,1.0,409600,2
6189,640,640,1.0,409600,2
6190,640,640,1.0,409600,1
6191,640,640,1.0,409600,1
6192,640,640,1.0,409600,1
6193,640,640,1.0,409600,7
6194,640,640,1.0,409600,2
6195,640,640,1.0,409600,1
6196,640,640,1.0,409600,1
6197,640,640,1.0,409600,1
6198,640,640,1.0,409600,1
6199,640,640,1.0,409600,1
6200,640,640,1.0,409600,9
6201,640,640,1.0,409600,1
6202,640,640,1.0,409600,5
6203,640,640,1.0,409600,2
6204,640,640,1.0,409600,1
6205,640,640,1.0,409600,3
6206,640,640,1.0,409600,1
6207,640,640,1.0,409600,1
6208,640,640,1.0,409600,1
6209,640,640,1.0,409600,1
6210,640,640,1.0,409600,9
6211,640,640,1.0,409600,1
6212,640,640,1.0,409600,6
6213,640,640,1.0,409600,2
6214,640,640,1.0,409600,1
6215,640,640,1.0,409600,3
6216,640,640,1.0,409600,3
6217,640,640,1.0,409600,1
6218,640,640,1.0,409600,1
6219,640,640,1.0,409600,1
6220,640,640,1.0,409600,3
6221,640,640,1.0,409600,7
6222,640,640,1.0,409600,1
6223,640,640,1.0,409600,3
6224,640,640,1.0,409600,4
6225,640,640,1.0,409600,3
6226,640,640,1.0,409600,1
6227,640,640,1.0,409600,1
6228,640,640,1.0,409600,1
6229,640,640,1.0,409600,1
6230,640,640,1.0,409600,3
6231,640,640,1.0,409600,1
6232,640,640,1.0,409600,3
6233,640,640,1.0,409600,4
6234,640,640,1.0,409600,7
6235,640,640,1.0,409600,1
6236,640,640,1.0,409600,6
6237,640,640,1.0,409600,1
6238,640,640,1.0,409600,1
6239,640,640,1.0,409600,3
6240,640,640,1.0,409600,1
6241,640,640,1.0,409600,1
6242,640,640,1.0,409600,7
6243,640,640,1.0,409600,1
6244,640,640,1.0,409600,1
6245,640,640,1.0,409600,1
6246,640,640,1.0,409600,5
6247,640,640,1.0,409600,1
6248,640,640,1.0,409600,1
6249,640,640,1.0,409600,4
6250,640,640,1.0,409600,5
6251,640,640,1.0,409600,1
6252,640,640,1.0,409600,1
6253,640,640,1.0,409600,1
6254,640,640,1.0,409600,1
6255,640,640,1.0,409600,1
6256,640,640,1.0,409600,4
6257,640,640,1.0,409600,1
6258,640,640,1.0,409600,1
6259,640,640,1.0,409600,4
6260,640,640,1.0,409600,3
6261,640,640,1.0,409600,1
6262,640,640,1.0,409600,1
6263,640,640,1.0,409600,1
6264,640,640,1.0,409600,1
6265,640,640,1.0,409600,3
6266,640,640,1.0,409600,2
6267,640,640,1.0,409600,1
6268,640,640,1.0,409600,2
6269,640,640,1.0,409600,1
6270,640,640,1.0,409600,1
6271,640,640,1.0,409600,1
6272,640,640,1.0,409600,1
6273,640,640,1.0,409600,3
6274,640,640,1.0,409600,2
6275,640,640,1.0,409600,4
6276,640,640,1.0,409600,1
6277,640,640,1.0,409600,1
6278,640,640,1.0,409600,3
6279,640,640,1.0,409600,2
6280,640,640,1.0,409600,1
6281,640,640,1.0,409600,1
6282,640,640,1.0,409600,1
6283,640,640,1.0,409600,1
6284,640,640,1.0,409600,1
6285,640,640,1.0,409600,1
6286,640,640,1.0,409600,1
6287,640,640,1.0,409600,1
6288,640,640,1.0,409600,2
6289,640,640,1.0,409600,3
6290,640,640,1.0,409600,1
6291,640,640,1.0,409600,2
6292,640,640,1.0,409600,7
6293,640,640,1.0,409600,2
6294,640,640,1.0,409600,1
6295,640,640,1.0,409600,3
6296,640,640,1.0,409600,1
6297,640,640,1.0,409600,3
6298,640,640,1.0,409600,2
6299,640,640,1.0,409600,2
6300,640,640,1.0,409600,4
6301,640,640,1.0,409600,2
6302,640,640,1.0,409600,1
6303,640,640,1.0,409600,1
6304,640,640,1.0,409600,1
6305,640,640,1.0,409600,1
6306,640,640,1.0,409600,1
6307,640,640,1.0,409600,2
6308,640,640,1.0,409600,1
6309,640,640,1.0,409600,3
6310,640,640,1.0,409600,2
6311,640,640,1.0,409600,1
6312,640,640,1.0,409600,1
6313,640,640,1.0,409600,2
6314,640,640,1.0,409600,2
6315,640,640,1.0,409600,2
6316,640,640,1.0,409600,6
6317,640,640,1.0,409600,1
6318,640,640,1.0,409600,1
6319,640,640,1.0,409600,1
6320,640,640,1.0,409600,2
6321,640,640,1.0,409600,1
6322,640,640,1.0,409600,2
6323,640,640,1.0,409600,2
6324,640,640,1.0,409600,1
6325,640,640,1.0,409600,1
6326,640,640,1.0,409600,1
6327,640,640,1.0,409600,2
6328,640,640,1.0,409600,1
6329,640,640,1.0,409600,1
6330,640,640,1.0,409600,3
6331,640,640,1.0,409600,2
6332,640,640,1.0,409600,1
6333,640,640,1.0,409600,5
6334,640,640,1.0,409600,1
6335,640,640,1.0,409600,1
6336,640,640,1.0,409600,2
6337,640,640,1.0,409600,1
6338,640,640,1.0,409600,1
6339,640,640,1.0,409600,1
6340,640,640,1.0,409600,3
6341,640,640,1.0,409600,2
6342,640,640,1.0,409600,8
6343,640,640,1.0,409600,1
6344,640,640,1.0,409600,4
6345,640,640,1.0,409600,1
6346,640,640,1.0,409600,1
6347,640,640,1.0,409600,1
6348,640,640,1.0,409600,3
6349,640,640,1.0,409600,1
6350,640,640,1.0,409600,1
6351,640,640,1.0,409600,2
6352,640,640,1.0,409600,1
6353,640,640,1.0,409600,2
6354,640,640,1.0,409600,2
6355,640,640,1.0,409600,1
6356,640,640,1.0,409600,6
6357,640,640,1.0,409600,7
6358,640,640,1.0,409600,1
6359,640,640,1.0,409600,4
6360,640,640,1.0,409600,1
6361,640,640,1.0,409600,8
6362,640,640,1.0,409600,1
6363,640,640,1.0,409600,2
6364,640,640,1.0,409600,2
6365,640,640,1.0,409600,1
6366,640,640,1.0,409600,1
6367,640,640,1.0,409600,1
6368,640,640,1.0,409600,1
6369,640,640,1.0,409600,4
6370,640,640,1.0,409600,3
6371,640,640,1.0,409600,1
6372,640,640,1.0,409600,1
6373,640,640,1.0,409600,1
6374,640,640,1.0,409600,1
6375,640,640,1.0,409600,2
6376,640,640,1.0,409600,3
6377,640,640,1.0,409600,7
6378,640,640,1.0,409600,6
6379,640,640,1.0,409600,1
6380,640,640,1.0,409600,3
6381,640,640,1.0,409600,4
6382,640,640,1.0,409600,3
6383,640,640,1.0,409600,1
6384,640,640,1.0,409600,1
6385,640,640,1.0,409600,3
6386,640,640,1.0,409600,1
6387,640,640,1.0,409600,2
6388,640,640,1.0,409600,2
6389,640,640,1.0,409600,1
6390,640,640,1.0,409600,1
6391,640,640,1.0,409600,1
6392,640,640,1.0,409600,3
6393,640,640,1.0,409600,1
6394,640,640,1.0,409600,1
6395,640,640,1.0,409600,1
6396,640,640,1.0,409600,1
6397,640,640,1.0,409600,3
6398,640,640,1.0,409600,4
6399,640,640,1.0,409600,1
6400,640,640,1.0,409600,2
6401,640,640,1.0,409600,1
6402,640,640,1.0,409600,3
6403,640,640,1.0,409600,1
6404,640,640,1.0,409600,1
6405,640,640,1.0,409600,1
6406,640,640,1.0,409600,1
6407,640,640,1.0,409600,4
6408,640,640,1.0,409600,5
6409,640,640,1.0,409600,1
6410,640,640,1.0,409600,1
6411,640,640,1.0,409600,1
6412,640,640,1.0,409600,1
6413,640,640,1.0,409600,3
6414,640,640,1.0,409600,1
6415,640,640,1.0,409600,7
6416,640,640,1.0,409600,2
6417,640,640,1.0,409600,4
6418,640,640,1.0,409600,1
6419,640,640,1.0,409600,4
6420,640,640,1.0,409600,7
6421,640,640,1.0,409600,2
6422,640,640,1.0,409600,1
6423,640,640,1.0,409600,6
6424,640,640,1.0,409600,1
6425,640,640,1.0,409600,1
6426,640,640,1.0,409600,1
6427,640,640,1.0,409600,2
6428,640,640,1.0,409600,1
6429,640,640,1.0,409600,1
6430,640,640,1.0,409600,2
6431,640,640,1.0,409600,3
6432,640,640,1.0,409600,1
6433,640,640,1.0,409600,1
6434,640,640,1.0,409600,2
6435,640,640,1.0,409600,5
6436,640,640,1.0,409600,1
6437,640,640,1.0,409600,3
6438,640,640,1.0,409600,1
6439,640,640,1.0,409600,2
6440,640,640,1.0,409600,2
6441,640,640,1.0,409600,1
6442,640,640,1.0,409600,1
6443,640,640,1.0,409600,1
6444,640,640,1.0,409600,1
6445,640,640,1.0,409600,3
6446,640,640,1.0,409600,1
6447,640,640,1.0,409600,6
6448,640,640,1.0,409600,1
6449,640,640,1.0,409600,1
6450,640,640,1.0,409600,1
6451,640,640,1.0,409600,4
6452,640,640,1.0,409600,1
6453,640,640,1.0,409600,1
6454,640,640,1.0,409600,7
6455,640,640,1.0,409600,1
6456,640,640,1.0,409600,1
6457,640,640,1.0,409600,5
6458,640,640,1.0,409600,1
6459,640,640,1.0,409600,1
6460,640,640,1.0,409600,1
6461,640,640,1.0,409600,1
6462,640,640,1.0,409600,2
6463,640,640,1.0,409600,2
6464,640,640,1.0,409600,3
6465,640,640,1.0,409600,2
6466,640,640,1.0,409600,1
6467,640,640,1.0,409600,3
6468,640,640,1.0,409600,3
6469,640,640,1.0,409600,1
6470,640,640,1.0,409600,1
6471,640,640,1.0,409600,8
6472,640,640,1.0,409600,2
6473,640,640,1.0,409600,1
6474,640,640,1.0,409600,1
6475,640,640,1.0,409600,1
6476,640,640,1.0,409600,1
6477,640,640,1.0,409600,1
6478,640,640,1.0,409600,1
6479,640,640,1.0,409600,2
6480,640,640,1.0,409600,1
6481,640,640,1.0,409600,1
6482,640,640,1.0,409600,1
6483,640,640,1.0,409600,1
6484,640,640,1.0,409600,4
6485,640,640,1.0,409600,1
6486,640,640,1.0,409600,2
6487,640,640,1.0,409600,1
6488,640,640,1.0,409600,1
6489,640,640,1.0,409600,4
6490,640,640,1.0,409600,1
6491,640,640,1.0,409600,1
6492,640,640,1.0,409600,5
6493,640,640,1.0,409600,8
6494,640,640,1.0,409600,1
6495,640,640,1.0,409600,1
6496,640,640,1.0,409600,1
6497,640,640,1.0,409600,1
6498,640,640,1.0,409600,1
6499,640,640,1.0,409600,1
6500,640,640,1.0,409600,3
6501,640,640,1.0,409600,2
6502,640,640,1.0,409600,3
6503,640,640,1.0,409600,4
6504,640,640,1.0,409600,1
6505,640,640,1.0,409600,1
6506,640,640,1.0,409600,1
6507,640,640,1.0,409600,8
6508,640,640,1.0,409600,1
6509,640,640,1.0,409600,2
6510,640,640,1.0,409600,1
6511,640,640,1.0,409600,12
6512,640,640,1.0,409600,5
6513,640,640,1.0,409600,2
6514,640,640,1.0,409600,3
6515,640,640,1.0,409600,1
6516,640,640,1.0,409600,2
6517,640,640,1.0,409600,3
6518,640,640,1.0,409600,1
6519,640,640,1.0,409600,2
6520,640,640,1.0,409600,2
6521,640,640,1.0,409600,2
6522,640,640,1.0,409600,3
6523,640,640,1.0,409600,1
6524,640,640,1.0,409600,3
6525,640,640,1.0,409600,1
6526,640,640,1.0,409600,2
6527,640,640,1.0,409600,3
6528,640,640,1.0,409600,1
6529,640,640,1.0,409600,1
6530,640,640,1.0,409600,2
6531,640,640,1.0,409600,2
6532,640,640,1.0,409600,6
6533,640,640,1.0,409600,1
6534,640,640,1.0,409600,2
6535,640,640,1.0,409600,1
6536,640,640,1.0,409600,1
6537,640,640,1.0,409600,1
6538,640,640,1.0,409600,2
6539,640,640,1.0,409600,1
6540,640,640,1.0,409600,1
6541,640,640,1.0,409600,1
6542,640,640,1.0,409600,6
6543,640,640,1.0,409600,1
6544,640,640,1.0,409600,1
6545,640,640,1.0,409600,1
6546,640,640,1.0,409600,1
6547,640,640,1.0,409600,1
6548,640,640,1.0,409600,2
6549,640,640,1.0,409600,1
6550,640,640,1.0,409600,1
6551,640,640,1.0,409600,3
6552,640,640,1.0,409600,4
6553,640,640,1.0,409600,6
6554,640,640,1.0,409600,1
6555,640,640,1.0,409600,1
6556,640,640,1.0,409600,2
6557,640,640,1.0,409600,1
6558,640,640,1.0,409600,1
6559,640,640,1.0,409600,1
6560,640,640,1.0,409600,1
6561,640,640,1.0,409600,1
6562,640,640,1.0,409600,1
6563,640,640,1.0,409600,7
6564,640,640,1.0,409600,1
6565,640,640,1.0,409600,2
6566,640,640,1.0,409600,1
6567,640,640,1.0,409600,1
6568,640,640,1.0,409600,3
6569,640,640,1.0,409600,3
6570,640,640,1.0,409600,1
6571,640,640,1.0,409600,1
6572,640,640,1.0,409600,2
6573,640,640,1.0,409600,1
6574,640,640,1.0,409600,1
6575,640,640,1.0,409600,1
6576,640,640,1.0,409600,1
6577,640,640,1.0,409600,8
6578,640,640,1.0,409600,1
6579,640,640,1.0,409600,13
6580,640,640,1.0,409600,2
6581,640,640,1.0,409600,1
6582,640,640,1.0,409600,1
6583,640,640,1.0,409600,3
6584,640,640,1.0,409600,2
6585,640,640,1.0,409600,1
6586,640,640,1.0,409600,2
6587,640,640,1.0,409600,3
6588,640,640,1.0,409600,1
6589,640,640,1.0,409600,1
6590,640,640,1.0,409600,2
6591,640,640,1.0,409600,3
6592,640,640,1.0,409600,1
6593,640,640,1.0,409600,1
6594,640,640,1.0,409600,1
6595,640,640,1.0,409600,2
6596,640,640,1.0,409600,3
6597,640,640,1.0,409600,1
6598,640,640,1.0,409600,4
6599,640,640,1.0,409600,1
6600,640,640,1.0,409600,3
6601,640,640,1.0,409600,2
6602,640,640,1.0,409600,1
6603,640,640,1.0,409600,2
6604,640,640,1.0,409600,3
6605,640,640,1.0,409600,4
6606,640,640,1.0,409600,1
6607,640,640,1.0,409600,1
6608,640,640,1.0,409600,1
6609,640,640,1.0,409600,1
6610,640,640,1.0,409600,1
6611,640,640,1.0,409600,4
6612,640,640,1.0,409600,2
6613,640,640,1.0,409600,3
6614,640,640,1.0,409600,2
6615,640,640,1.0,409600,1
6616,640,640,1.0,409600,1
6617,640,640,1.0,409600,1
6618,640,640,1.0,409600,3
6619,640,640,1.0,409600,1
6620,640,640,1.0,409600,4
6621,640,640,1.0,409600,2
6622,640,640,1.0,409600,1
6623,640,640,1.0,409600,3
6624,640,640,1.0,409600,4
6625,640,640,1.0,409600,2
6626,640,640,1.0,409600,3
6627,640,640,1.0,409600,3
6628,640,640,1.0,409600,1
6629,640,640,1.0,409600,1
6630,640,640,1.0,409600,5
6631,640,640,1.0,409600,1
6632,640,640,1.0,409600,1
6633,640,640,1.0,409600,3
6634,640,640,1.0,409600,6
6635,640,640,1.0,409600,2
6636,640,640,1.0,409600,2
6637,640,640,1.0,409600,1
6638,640,640,1.0,409600,1
6639,640,640,1.0,409600,1
6640,640,640,1.0,409600,1
6641,640,640,1.0,409600,1
6642,640,640,1.0,409600,8
6643,640,640,1.0,409600,1
6644,640,640,1.0,409600,2
6645,640,640,1.0,409600,2
6646,640,640,1.0,409600,1
6647,640,640,1.0,409600,1
6648,640,640,1.0,409600,4
6649,640,640,1.0,409600,1
6650,640,640,1.0,409600,1
6651,640,640,1.0,409600,2
6652,640,640,1.0,409600,1
6653,640,640,1.0,409600,1
6654,640,640,1.0,409600,4
6655,640,640,1.0,409600,2
6656,640,640,1.0,409600,1
6657,640,640,1.0,409600,1
6658,640,640,1.0,409600,1
6659,640,640,1.0,409600,1
6660,640,640,1.0,409600,1
6661,640,640,1.0,409600,1
6662,640,640,1.0,409600,1
6663,640,640,1.0,409600,6
6664,640,640,1.0,409600,6
6665,640,640,1.0,409600,2
6666,640,640,1.0,409600,2
6667,640,640,1.0,409600,2
6668,640,640,1.0,409600,4
6669,640,640,1.0,409600,3
6670,640,640,1.0,409600,2
6671,640,640,1.0,409600,4
6672,640,640,1.0,409600,4
6673,640,640,1.0,409600,1
6674,640,640,1.0,409600,1
6675,640,640,1.0,409600,1
6676,640,640,1.0,409600,4
6677,640,640,1.0,409600,1
6678,640,640,1.0,409600,1
6679,640,640,1.0,409600,10
6680,640,640,1.0,409600,1
6681,640,640,1.0,409600,1
6682,640,640,1.0,409600,1
6683,640,640,1.0,409600,1
6684,640,640,1.0,409600,4
6685,640,640,1.0,409600,1
6686,640,640,1.0,409600,6
6687,640,640,1.0,409600,2
6688,640,640,1.0,409600,4
6689,640,640,1.0,409600,1
6690,640,640,1.0,409600,3
6691,640,640,1.0,409600,1
6692,640,640,1.0,409600,1
6693,640,640,1.0,409600,7
6694,640,640,1.0,409600,2
6695,640,640,1.0,409600,1
6696,640,640,1.0,409600,2
6697,640,640,1.0,409600,2
6698,640,640,1.0,409600,1
6699,640,640,1.0,409600,9
6700,640,640,1.0,409600,1
6701,640,640,1.0,409600,1
6702,640,640,1.0,409600,1
6703,640,640,1.0,409600,1
6704,640,640,1.0,409600,1
6705,640,640,1.0,409600,1
6706,640,640,1.0,409600,1
6707,640,640,1.0,409600,1
6708,640,640,1.0,409600,1
6709,640,640,1.0,409600,1
6710,640,640,1.0,409600,3
6711,640,640,1.0,409600,2
6712,640,640,1.0,409600,1
6713,640,640,1.0,409600,1
6714,640,640,1.0,409600,1
6715,640,640,1.0,409600,1
6716,640,640,1.0,409600,1
6717,640,640,1.0,409600,1
6718,640,640,1.0,409600,1
6719,640,640,1.0,409600,2
6720,640,640,1.0,409600,1
6721,640,640,1.0,409600,2
6722,640,640,1.0,409600,4
6723,640,640,1.0,409600,3
6724,640,640,1.0,409600,1
6725,640,640,1.0,409600,4
6726,640,640,1.0,409600,3
6727,640,640,1.0,409600,2
6728,640,640,1.0,409600,1
6729,640,640,1.0,409600,7
6730,640,640,1.0,409600,6
6731,640,640,1.0,409600,1
6732,640,640,1.0,409600,2
6733,640,640,1.0,409600,1
6734,640,640,1.0,409600,1
6735,640,640,1.0,409600,3
6736,640,640,1.0,409600,8
6737,640,640,1.0,409600,1
6738,640,640,1.0,409600,1
6739,640,640,1.0,409600,1
6740,640,640,1.0,409600,1
6741,640,640,1.0,409600,1
6742,640,640,1.0,409600,1
6743,640,640,1.0,409600,1
6744,640,640,1.0,409600,1
6745,640,640,1.0,409600,4
6746,640,640,1.0,409600,2
6747,640,640,1.0,409600,1
6748,640,640,1.0,409600,2
6749,640,640,1.0,409600,1
6750,640,640,1.0,409600,14
6751,640,640,1.0,409600,3
6752,640,640,1.0,409600,2
6753,640,640,1.0,409600,1
6754,640,640,1.0,409600,2
6755,640,640,1.0,409600,1
6756,640,640,1.0,409600,2
6757,640,640,1.0,409600,1
6758,640,640,1.0,409600,1
6759,640,640,1.0,409600,3
6760,640,640,1.0,409600,4
6761,640,640,1.0,409600,3
6762,640,640,1.0,409600,1
6763,640,640,1.0,409600,1
6764,640,640,1.0,409600,1
6765,640,640,1.0,409600,2
6766,640,640,1.0,409600,1
6767,640,640,1.0,409600,2
6768,640,640,1.0,409600,1
6769,640,640,1.0,409600,1
6770,640,640,1.0,409600,1
6771,640,640,1.0,409600,2
6772,640,640,1.0,409600,2
6773,640,640,1.0,409600,1
6774,640,640,1.0,409600,1
6775,640,640,1.0,409600,2
6776,640,640,1.0,409600,1
6777,640,640,1.0,409600,3
6778,640,640,1.0,409600,5
6779,640,640,1.0,409600,6
6780,640,640,1.0,409600,1
6781,640,640,1.0,409600,2
6782,640,640,1.0,409600,2
6783,640,640,1.0,409600,1
6784,640,640,1.0,409600,1
6785,640,640,1.0,409600,3
6786,640,640,1.0,409600,8
6787,640,640,1.0,409600,1
6788,640,640,1.0,409600,2
6789,640,640,1.0,409600,6
6790,640,640,1.0,409600,1
6791,640,640,1.0,409600,3
6792,640,640,1.0,409600,4
6793,640,640,1.0,409600,3
6794,640,640,1.0,409600,2
6795,640,640,1.0,409600,1
6796,640,640,1.0,409600,1
6797,640,640,1.0,409600,4
6798,640,640,1.0,409600,2
6799,640,640,1.0,409600,2
6800,640,640,1.0,409600,1
6801,640,640,1.0,409600,2
6802,640,640,1.0,409600,2
6803,640,640,1.0,409600,3
6804,640,640,1.0,409600,1
6805,640,640,1.0,409600,2
6806,640,640,1.0,409600,1
6807,640,640,1.0,409600,2
6808,640,640,1.0,409600,3
6809,640,640,1.0,409600,1
6810,640,640,1.0,409600,1
6811,640,640,1.0,409600,2
6812,640,640,1.0,409600,2
6813,640,640,1.0,409600,4
6814,640,640,1.0,409600,4
6815,640,640,1.0,409600,2
6816,640,640,1.0,409600,7
6817,640,640,1.0,409600,1
6818,640,640,1.0,409600,1
6819,640,640,1.0,409600,1
6820,640,640,1.0,409600,1
6821,640,640,1.0,409600,1
6822,640,640,1.0,409600,1
6823,640,640,1.0,409600,1
6824,640,640,1.0,409600,9
6825,640,640,1.0,409600,1
6826,640,640,1.0,409600,1
6827,640,640,1.0,409600,1
6828,640,640,1.0,409600,3
6829,640,640,1.0,409600,2
6830,640,640,1.0,409600,3
6831,640,640,1.0,409600,1
6832,640,640,1.0,409600,1
6833,640,640,1.0,409600,1
6834,640,640,1.0,409600,3
6835,640,640,1.0,409600,1
6836,640,640,1.0,409600,1
6837,640,640,1.0,409600,3
6838,640,640,1.0,409600,3
6839,640,640,1.0,409600,1
6840,640,640,1.0,409600,3
6841,640,640,1.0,409600,1
6842,640,640,1.0,409600,1
6843,640,640,1.0,409600,4
6844,640,640,1.0,409600,4
6845,640,640,1.0,409600,1
6846,640,640,1.0,409600,2
6847,640,640,1.0,409600,1
6848,640,640,1.0,409600,1
6849,640,640,1.0,409600,1
6850,640,640,1.0,409600,1
6851,640,640,1.0,409600,1
6852,640,640,1.0,409600,3
6853,640,640,1.0,409600,1
6854,640,640,1.0,409600,8
6855,640,640,1.0,409600,1
6856,640,640,1.0,409600,1
6857,640,640,1.0,409600,1
6858,640,640,1.0,409600,1
6859,640,640,1.0,409600,1
6860,640,640,1.0,409600,2
6861,640,640,1.0,409600,1
6862,640,640,1.0,409600,1
6863,640,640,1.0,409600,3
6864,640,640,1.0,409600,2
6865,640,640,1.0,409600,2
6866,640,640,1.0,409600,1
6867,640,640,1.0,409600,3
6868,640,640,1.0,409600,1
6869,640,640,1.0,409600,1
6870,640,640,1.0,409600,2
6871,640,640,1.0,409600,2
6872,640,640,1.0,409600,1
6873,640,640,1.0,409600,1
6874,640,640,1.0,409600,1
6875,640,640,1.0,409600,2
6876,640,640,1.0,409600,1
6877,640,640,1.0,409600,1
6878,640,640,1.0,409600,1
6879,640,640,1.0,409600,1
6880,640,640,1.0,409600,8
6881,640,640,1.0,409600,1
6882,640,640,1.0,409600,1
6883,640,640,1.0,409600,1
6884,640,640,1.0,409600,1
6885,640,640,1.0,409600,1
6886,640,640,1.0,409600,3
6887,640,640,1.0,409600,2
6888,640,640,1.0,409600,4
6889,640,640,1.0,409600,1
6890,640,640,1.0,409600,1
6891,640,640,1.0,409600,2
6892,640,640,1.0,409600,1
6893,640,640,1.0,409600,5
6894,640,640,1.0,409600,1
6895,640,640,1.0,409600,1
6896,640,640,1.0,409600,1
6897,640,640,1.0,409600,1
6898,640,640,1.0,409600,1
6899,640,640,1.0,409600,2
6900,640,640,1.0,409600,2
6901,640,640,1.0,409600,4
6902,640,640,1.0,409600,4
6903,640,640,1.0,409600,2
6904,640,640,1.0,409600,1
6905,640,640,1.0,409600,8
6906,640,640,1.0,409600,1
6907,640,640,1.0,409600,1
6908,640,640,1.0,409600,1
6909,640,640,1.0,409600,1
6910,640,640,1.0,409600,3
6911,640,640,1.0,409600,1
6912,640,640,1.0,409600,1
6913,640,640,1.0,409600,1
6914,640,640,1.0,409600,2
6915,640,640,1.0,409600,2
6916,640,640,1.0,409600,1
6917,640,640,1.0,409600,8
6918,640,640,1.0,409600,1
6919,640,640,1.0,409600,3
6920,640,640,1.0,409600,3
6921,640,640,1.0,409600,2
6922,640,640,1.0,409600,3
6923,640,640,1.0,409600,1
6924,640,640,1.0,409600,4
6925,640,640,1.0,409600,3
6926,640,640,1.0,409600,1
6927,640,640,1.0,409600,1
6928,640,640,1.0,409600,4
6929,640,640,1.0,409600,4
6930,640,640,1.0,409600,11
6931,640,640,1.0,409600,2
6932,640,640,1.0,409600,1
6933,640,640,1.0,409600,2
6934,640,640,1.0,409600,1
6935,640,640,1.0,409600,1
6936,640,640,1.0,409600,1
6937,640,640,1.0,409600,1
6938,640,640,1.0,409600,4
6939,640,640,1.0,409600,1
6940,640,640,1.0,409600,2
6941,640,640,1.0,409600,1
6942,640,640,1.0,409600,11
6943,640,640,1.0,409600,2
6944,640,640,1.0,409600,1
6945,640,640,1.0,409600,2
6946,640,640,1.0,409600,1
6947,640,640,1.0,409600,1
6948,640,640,1.0,409600,1
6949,640,640,1.0,409600,1
6950,640,640,1.0,409600,5
6951,640,640,1.0,409600,1
6952,640,640,1.0,409600,1
6953,640,640,1.0,409600,1
6954,640,640,1.0,409600,1
6955,640,640,1.0,409600,6
6956,640,640,1.0,409600,1
6957,640,640,1.0,409600,1
6958,640,640,1.0,409600,5
6959,640,640,1.0,409600,1
6960,640,640,1.0,409600,1
6961,640,640,1.0,409600,2
6962,640,640,1.0,409600,1
6963,640,640,1.0,409600,9
6964,640,640,1.0,409600,1
6965,640,640,1.0,409600,1
6966,640,640,1.0,409600,1
6967,640,640,1.0,409600,3
6968,640,640,1.0,409600,1
6969,640,640,1.0,409600,1
6970,640,640,1.0,409600,1
6971,640,640,1.0,409600,1
6972,640,640,1.0,409600,2
6973,640,640,1.0,409600,8
6974,640,640,1.0,409600,6
6975,640,640,1.0,409600,1
6976,640,640,1.0,409600,1
6977,640,640,1.0,409600,1
6978,640,640,1.0,409600,1
6979,640,640,1.0,409600,3
6980,640,640,1.0,409600,1
6981,640,640,1.0,409600,2
6982,640,640,1.0,409600,2
6983,640,640,1.0,409600,1
6984,640,640,1.0,409600,4
6985,640,640,1.0,409600,3
6986,640,640,1.0,409600,1
6987,640,640,1.0,409600,2
6988,640,640,1.0,409600,11
6989,640,640,1.0,409600,1
6990,640,640,1.0,409600,1
6991,640,640,1.0,409600,1
6992,640,640,1.0,409600,1
6993,640,640,1.0,409600,3
6994,640,640,1.0,409600,2
6995,640,640,1.0,409600,3
6996,640,640,1.0,409600,1
6997,640,640,1.0,409600,1
6998,640,640,1.0,409600,1
6999,640,640,1.0,409600,1
7000,640,640,1.0,409600,1
7001,640,640,1.0,409600,1
7002,640,640,1.0,409600,2
7003,640,640,1.0,409600,1
7004,640,640,1.0,409600,1
7005,640,640,1.0,409600,1
7006,640,640,1.0,409600,1
7007,640,640,1.0,409600,1
7008,640,640,1.0,409600,9
7009,640,640,1.0,409600,1
7010,640,640,1.0,409600,1
7011,640,640,1.0,409600,1
7012,640,640,1.0,409600,5
7013,640,640,1.0,409600,3
7014,640,640,1.0,409600,1
7015,640,640,1.0,409600,1
7016,640,640,1.0,409600,1
7017,640,640,1.0,409600,1
7018,640,640,1.0,409600,2
7019,640,640,1.0,409600,2
7020,640,640,1.0,409600,1
7021,640,640,1.0,409600,1
7022,640,640,1.0,409600,1
7023,640,640,1.0,409600,2
7024,640,640,1.0,409600,2
7025,640,640,1.0,409600,1
7026,640,640,1.0,409600,4
7027,640,640,1.0,409600,2
7028,640,640,1.0,409600,1
7029,640,640,1.0,409600,1
7030,640,640,1.0,409600,3
7031,640,640,1.0,409600,1
7032,640,640,1.0,409600,2
7033,640,640,1.0,409600,3
7034,640,640,1.0,409600,1
7035,640,640,1.0,409600,2
7036,640,640,1.0,409600,1
7037,640,640,1.0,409600,1
7038,640,640,1.0,409600,1
7039,640,640,1.0,409600,2
7040,640,640,1.0,409600,1
7041,640,640,1.0,409600,5
7042,640,640,1.0,409600,1
7043,640,640,1.0,409600,1
7044,640,640,1.0,409600,1
7045,640,640,1.0,409600,1
7046,640,640,1.0,409600,3
7047,640,640,1.0,409600,1
7048,640,640,1.0,409600,1
7049,640,640,1.0,409600,1
7050,640,640,1.0,409600,1
7051,640,640,1.0,409600,3
7052,640,640,1.0,409600,1
7053,640,640,1.0,409600,1
7054,640,640,1.0,409600,1
7055,640,640,1.0,409600,1
7056,640,640,1.0,409600,1
7057,640,640,1.0,409600,3
7058,640,640,1.0,409600,2
7059,640,640,1.0,409600,2
7060,640,640,1.0,409600,2
7061,640,640,1.0,409600,1
7062,640,640,1.0,409600,1
7063,640,640,1.0,409600,1
7064,640,640,1.0,409600,1
7065,640,640,1.0,409600,1
7066,640,640,1.0,409600,1
7067,640,640,1.0,409600,1
7068,640,640,1.0,409600,1
7069,640,640,1.0,409600,2
7070,640,640,1.0,409600,1
7071,640,640,1.0,409600,2
7072,640,640,1.0,409600,1
7073,640,640,1.0,409600,1
7074,640,640,1.0,409600,1
7075,640,640,1.0,409600,2
7076,640,640,1.0,409600,2
7077,640,640,1.0,409600,3
7078,640,640,1.0,409600,1
7079,640,640,1.0,409600,5
7080,640,640,1.0,409600,1
7081,640,640,1.0,409600,7
7082,640,640,1.0,409600,1
7083,640,640,1.0,409600,1
7084,640,640,1.0,409600,1
7085,640,640,1.0,409600,1
7086,640,640,1.0,409600,3
7087,640,640,1.0,409600,1
7088,640,640,1.0,409600,1
7089,640,640,1.0,409600,1
7090,640,640,1.0,409600,3
7091,640,640,1.0,409600,3
7092,640,640,1.0,409600,1
7093,640,640,1.0,409600,1
7094,640,640,1.0,409600,3
7095,640,640,1.0,409600,1
7096,640,640,1.0,409600,3
7097,640,640,1.0,409600,3
7098,640,640,1.0,409600,3
7099,640,640,1.0,409600,1
7100,640,640,1.0,409600,3
7101,640,640,1.0,409600,1
7102,640,640,1.0,409600,9
7103,640,640,1.0,409600,1
7104,640,640,1.0,409600,1
7105,640,640,1.0,409600,2
7106,640,640,1.0,409600,1
7107,640,640,1.0,409600,1
7108,640,640,1.0,409600,1
7109,640,640,1.0,409600,1
7110,640,640,1.0,409600,2
7111,640,640,1.0,409600,1
7112,640,640,1.0,409600,1
7113,640,640,1.0,409600,1
7114,640,640,1.0,409600,1
7115,640,640,1.0,409600,1
7116,640,640,1.0,409600,4
7117,640,640,1.0,409600,1
7118,640,640,1.0,409600,1
7119,640,640,1.0,409600,1
7120,640,640,1.0,409600,4
7121,640,640,1.0,409600,8
7122,640,640,1.0,409600,1
7123,640,640,1.0,409600,2
7124,640,640,1.0,409600,1
7125,640,640,1.0,409600,1
7126,640,640,1.0,409600,1
7127,640,640,1.0,409600,1
7128,640,640,1.0,409600,4
7129,640,640,1.0,409600,1
7130,640,640,1.0,409600,1
7131,640,640,1.0,409600,3
7132,640,640,1.0,409600,1
7133,640,640,1.0,409600,1
7134,640,640,1.0,409600,1
7135,640,640,1.0,409600,1
7136,640,640,1.0,409600,1
7137,640,640,1.0,409600,3
7138,640,640,1.0,409600,1
7139,640,640,1.0,409600,1
7140,640,640,1.0,409600,4
7141,640,640,1.0,409600,1
7142,640,640,1.0,409600,3
7143,640,640,1.0,409600,1
7144,640,640,1.0,409600,5
7145,640,640,1.0,409600,1
7146,640,640,1.0,409600,2
7147,640,640,1.0,409600,1
7148,640,640,1.0,409600,2
7149,640,640,1.0,409600,2
7150,640,640,1.0,409600,1
7151,640,640,1.0,409600,1
7152,640,640,1.0,409600,2
7153,640,640,1.0,409600,3
7154,640,640,1.0,409600,1
7155,640,640,1.0,409600,1
7156,640,640,1.0,409600,1
7157,640,640,1.0,409600,16
7158,640,640,1.0,409600,1
7159,640,640,1.0,409600,1
7160,640,640,1.0,409600,2
7161,640,640,1.0,409600,1
7162,640,640,1.0,409600,1
7163,640,640,1.0,409600,1
7164,640,640,1.0,409600,1
7165,640,640,1.0,409600,2
7166,640,640,1.0,409600,1
7167,640,640,1.0,409600,1
7168,640,640,1.0,409600,1
7169,640,640,1.0,409600,3
7170,640,640,1.0,409600,3
7171,640,640,1.0,409600,10
7172,640,640,1.0,409600,1
7173,640,640,1.0,409600,1
7174,640,640,1.0,409600,8
7175,640,640,1.0,409600,10
7176,640,640,1.0,409600,1
7177,640,640,1.0,409600,1
7178,640,640,1.0,409600,1
7179,640,640,1.0,409600,1
7180,640,640,1.0,409600,2
7181,640,640,1.0,409600,1
7182,640,640,1.0,409600,3
7183,640,640,1.0,409600,2
7184,640,640,1.0,409600,1
7185,640,640,1.0,409600,1
7186,640,640,1.0,409600,1
7187,640,640,1.0,409600,1
7188,640,640,1.0,409600,5
7189,640,640,1.0,409600,3
7190,640,640,1.0,409600,1
7191,640,640,1.0,409600,2
7192,640,640,1.0,409600,1
7193,640,640,1.0,409600,2
7194,640,640,1.0,409600,3
7195,640,640,1.0,409600,1
7196,640,640,1.0,409600,1
7197,640,640,1.0,409600,3
7198,640,640,1.0,409600,1
7199,640,640,1.0,409600,1
7200,640,640,1.0,409600,1
7201,640,640,1.0,409600,2
7202,640,640,1.0,409600,3
7203,640,640,1.0,409600,1
7204,640,640,1.0,409600,2
7205,640,640,1.0,409600,1
7206,640,640,1.0,409600,1
7207,640,640,1.0,409600,2
7208,640,640,1.0,409600,2
7209,640,640,1.0,409600,1
7210,640,640,1.0,409600,1
7211,640,640,1.0,409600,3
7212,640,640,1.0,409600,3
7213,640,640,1.0,409600,1
7214,640,640,1.0,409600,1
7215,640,640,1.0,409600,1
7216,640,640,1.0,409600,1
7217,640,640,1.0,409600,1
7218,640,640,1.0,409600,5
7219,640,640,1.0,409600,4
7220,640,640,1.0,409600,1
7221,640,640,1.0,409600,4
7222,640,640,1.0,409600,1
7223,640,640,1.0,409600,1
7224,640,640,1.0,409600,1
7225,640,640,1.0,409600,2
7226,640,640,1.0,409600,3
7227,640,640,1.0,409600,1
7228,640,640,1.0,409600,1
7229,640,640,1.0,409600,2
7230,640,640,1.0,409600,5
7231,640,640,1.0,409600,1
7232,640,640,1.0,409600,1
7233,640,640,1.0,409600,2
7234,640,640,1.0,409600,3
7235,640,640,1.0,409600,1
7236,640,640,1.0,409600,5
7237,640,640,1.0,409600,1
7238,640,640,1.0,409600,1
7239,640,640,1.0,409600,1
7240,640,640,1.0,409600,4
7241,640,640,1.0,409600,1
7242,640,640,1.0,409600,1
7243,640,640,1.0,409600,2
7244,640,640,1.0,409600,1
7245,640,640,1.0,409600,1
7246,640,640,1.0,409600,1
7247,640,640,1.0,409600,2
7248,640,640,1.0,409600,2
7249,640,640,1.0,409600,1
7250,640,640,1.0,409600,2
7251,640,640,1.0,409600,2
7252,640,640,1.0,409600,1
7253,640,640,1.0,409600,1
7254,640,640,1.0,409600,2
7255,640,640,1.0,409600,5
7256,640,640,1.0,409600,1
7257,640,640,1.0,409600,3
7258,640,640,1.0,409600,2
7259,640,640,1.0,409600,1
7260,640,640,1.0,409600,1
7261,640,640,1.0,409600,1
7262,640,640,1.0,409600,5
7263,640,640,1.0,409600,1
7264,640,640,1.0,409600,5
7265,640,640,1.0,409600,1
7266,640,640,1.0,409600,1
7267,640,640,1.0,409600,3
7268,640,640,1.0,409600,2
7269,640,640,1.0,409600,4
7270,640,640,1.0,409600,1
7271,640,640,1.0,409600,1
7272,640,640,1.0,409600,3
7273,640,640,1.0,409600,1
7274,640,640,1.0,409600,2
7275,640,640,1.0,409600,6
7276,640,640,1.0,409600,3
7277,640,640,1.0,409600,1
7278,640,640,1.0,409600,1
7279,640,640,1.0,409600,1
7280,640,640,1.0,409600,1
7281,640,640,1.0,409600,1
7282,640,640,1.0,409600,2
7283,640,640,1.0,409600,1
7284,640,640,1.0,409600,1
7285,640,640,1.0,409600,2
7286,640,640,1.0,409600,3
7287,640,640,1.0,409600,1
7288,640,640,1.0,409600,5
7289,640,640,1.0,409600,1
7290,640,640,1.0,409600,1
7291,640,640,1.0,409600,3
7292,640,640,1.0,409600,3
7293,640,640,1.0,409600,2
7294,640,640,1.0,409600,1
7295,640,640,1.0,409600,2
7296,640,640,1.0,409600,1
7297,640,640,1.0,409600,3
7298,640,640,1.0,409600,1
7299,640,640,1.0,409600,1
7300,640,640,1.0,409600,7
7301,640,640,1.0,409600,1
7302,640,640,1.0,409600,1
7303,640,640,1.0,409600,1
7304,640,640,1.0,409600,1
7305,640,640,1.0,409600,1
7306,640,640,1.0,409600,1
7307,640,640,1.0,409600,2
7308,640,640,1.0,409600,1
7309,640,640,1.0,409600,2
7310,640,640,1.0,409600,1
7311,640,640,1.0,409600,1
7312,640,640,1.0,409600,2
7313,640,640,1.0,409600,3
7314,640,640,1.0,409600,1
7315,640,640,1.0,409600,1
7316,640,640,1.0,409600,1
7317,640,640,1.0,409600,1
7318,640,640,1.0,409600,1
7319,640,640,1.0,409600,1
7320,640,640,1.0,409600,1
7321,640,640,1.0,409600,1
7322,640,640,1.0,409600,4
7323,640,640,1.0,409600,1
7324,640,640,1.0,409600,1
7325,640,640,1.0,409600,1
7326,640,640,1.0,409600,2
7327,640,640,1.0,409600,1
7328,640,640,1.0,409600,2
7329,640,640,1.0,409600,3
7330,640,640,1.0,409600,3
7331,640,640,1.0,409600,2
7332,640,640,1.0,409600,2
7333,640,640,1.0,409600,3
7334,640,640,1.0,409600,2
7335,640,640,1.0,409600,1
7336,640,640,1.0,409600,3
7337,640,640,1.0,409600,1
7338,640,640,1.0,409600,2
7339,640,640,1.0,409600,6
7340,640,640,1.0,409600,1
7341,640,640,1.0,409600,3
7342,640,640,1.0,409600,1
7343,640,640,1.0,409600,1
7344,640,640,1.0,409600,2
7345,640,640,1.0,409600,1
7346,640,640,1.0,409600,4
7347,640,640,1.0,409600,1
7348,640,640,1.0,409600,1
7349,640,640,1.0,409600,3
7350,640,640,1.0,409600,1
7351,640,640,1.0,409600,10
7352,640,640,1.0,409600,6
7353,640,640,1.0,409600,1
7354,640,640,1.0,409600,1
7355,640,640,1.0,409600,1
7356,640,640,1.0,409600,1
7357,640,640,1.0,409600,4
7358,640,640,1.0,409600,1
7359,640,640,1.0,409600,1
7360,640,640,1.0,409600,1
7361,640,640,1.0,409600,1
7362,640,640,1.0,409600,1
7363,640,640,1.0,409600,1
7364,640,640,1.0,409600,3
7365,640,640,1.0,409600,1
7366,640,640,1.0,409600,3
7367,640,640,1.0,409600,1
7368,640,640,1.0,409600,1
7369,640,640,1.0,409600,4
7370,640,640,1.0,409600,1
7371,640,640,1.0,409600,1
7372,640,640,1.0,409600,1
7373,640,640,1.0,409600,1
7374,640,640,1.0,409600,5
7375,640,640,1.0,409600,3
7376,640,640,1.0,409600,2
7377,640,640,1.0,409600,1
7378,640,640,1.0,409600,1
7379,640,640,1.0,409600,1
7380,640,640,1.0,409600,3
7381,640,640,1.0,409600,2
7382,640,640,1.0,409600,1
7383,640,640,1.0,409600,1
7384,640,640,1.0,409600,3
7385,640,640,1.0,409600,1
7386,640,640,1.0,409600,3
7387,640,640,1.0,409600,1
7388,640,640,1.0,409600,2
7389,640,640,1.0,409600,1
7390,640,640,1.0,409600,2
7391,640,640,1.0,409600,2
7392,640,640,1.0,409600,1
7393,640,640,1.0,409600,1
7394,640,640,1.0,409600,1
7395,640,640,1.0,409600,1
7396,640,640,1.0,409600,2
7397,640,640,1.0,409600,1
7398,640,640,1.0,409600,1
7399,640,640,1.0,409600,3
7400,640,640,1.0,409600,2
7401,640,640,1.0,409600,3
7402,640,640,1.0,409600,1
7403,640,640,1.0,409600,1
7404,640,640,1.0,409600,1
7405,640,640,1.0,409600,1
7406,640,640,1.0,409600,1
7407,640,640,1.0,409600,1
7408,640,640,1.0,409600,1
7409,640,640,1.0,409600,1
7410,640,640,1.0,409600,1
7411,640,640,1.0,409600,1
7412,640,640,1.0,409600,5
7413,640,640,1.0,409600,2
7414,640,640,1.0,409600,5
7415,640,640,1.0,409600,1
7416,640,640,1.0,409600,3
7417,640,640,1.0,409600,2
7418,640,640,1.0,409600,1
7419,640,640,1.0,409600,1
7420,640,640,1.0,409600,7
7421,640,640,1.0,409600,1
7422,640,640,1.0,409600,8
7423,640,640,1.0,409600,8
7424,640,640,1.0,409600,1
7425,640,640,1.0,409600,1
7426,640,640,1.0,409600,3
7427,640,640,1.0,409600,1
7428,640,640,1.0,409600,1
7429,640,640,1.0,409600,1
7430,640,640,1.0,409600,1
7431,640,640,1.0,409600,4
7432,640,640,1.0,409600,1
7433,640,640,1.0,409600,11
7434,640,640,1.0,409600,1
7435,640,640,1.0,409600,2
7436,640,640,1.0,409600,1
7437,640,640,1.0,409600,2
7438,640,640,1.0,409600,1
7439,640,640,1.0,409600,1
7440,640,640,1.0,409600,1
7441,640,640,1.0,409600,1
7442,640,640,1.0,409600,1
7443,640,640,1.0,409600,1
7444,640,640,1.0,409600,1
7445,640,640,1.0,409600,1
7446,640,640,1.0,409600,4
7447,640,640,1.0,409600,2
7448,640,640,1.0,409600,1
7449,640,640,1.0,409600,1
7450,640,640,1.0,409600,2
7451,640,640,1.0,409600,2
7452,640,640,1.0,409600,14
7453,640,640,1.0,409600,3
7454,640,640,1.0,409600,3
7455,640,640,1.0,409600,1
7456,640,640,1.0,409600,3
7457,640,640,1.0,409600,6
7458,640,640,1.0,409600,1
7459,640,640,1.0,409600,1
7460,640,640,1.0,409600,1
7461,640,640,1.0,409600,1
7462,640,640,1.0,409600,4
7463,640,640,1.0,409600,1
7464,640,640,1.0,409600,3
7465,640,640,1.0,409600,2
7466,640,640,1.0,409600,1
7467,640,640,1.0,409600,2
7468,640,640,1.0,409600,6
7469,640,640,1.0,409600,1
7470,640,640,1.0,409600,1
7471,640,640,1.0,409600,1
7472,640,640,1.0,409600,2
7473,640,640,1.0,409600,1
7474,640,640,1.0,409600,4
7475,640,640,1.0,409600,6
7476,640,640,1.0,409600,3
7477,640,640,1.0,409600,1
7478,640,640,1.0,409600,1
7479,640,640,1.0,409600,3
7480,640,640,1.0,409600,6
7481,640,640,1.0,409600,4
7482,640,640,1.0,409600,2
7483,640,640,1.0,409600,1
7484,640,640,1.0,409600,4
7485,640,640,1.0,409600,1
7486,640,640,1.0,409600,1
7487,640,640,1.0,409600,1
7488,640,640,1.0,409600,2
7489,640,640,1.0,409600,1
7490,640,640,1.0,409600,2
7491,640,640,1.0,409600,1
7492,640,640,1.0,409600,3
7493,640,640,1.0,409600,3
7494,640,640,1.0,409600,3
7495,640,640,1.0,409600,8
7496,640,640,1.0,409600,3
7497,640,640,1.0,409600,1
7498,640,640,1.0,409600,1
7499,640,640,1.0,409600,3
7500,640,640,1.0,409600,1
7501,640,640,1.0,409600,1
7502,640,640,1.0,409600,1
7503,640,640,1.0,409600,1
7504,640,640,1.0,409600,8
7505,640,640,1.0,409600,1
7506,640,640,1.0,409600,1
7507,640,640,1.0,409600,1
7508,640,640,1.0,409600,3
7509,640,640,1.0,409600,1
7510,640,640,1.0,409600,1
7511,640,640,1.0,409600,1
7512,640,640,1.0,409600,1
7513,640,640,1.0,409600,1
7514,640,640,1.0,409600,2
7515,640,640,1.0,409600,3
7516,640,640,1.0,409600,1
7517,640,640,1.0,409600,4
7518,640,640,1.0,409600,1
7519,640,640,1.0,409600,1
7520,640,640,1.0,409600,1
7521,640,640,1.0,409600,1
7522,640,640,1.0,409600,2
7523,640,640,1.0,409600,1
7524,640,640,1.0,409600,1
7525,640,640,1.0,409600,2
7526,640,640,1.0,409600,1
7527,640,640,1.0,409600,2
7528,640,640,1.0,409600,1
7529,640,640,1.0,409600,1
7530,640,640,1.0,409600,3
7531,640,640,1.0,409600,1
7532,640,640,1.0,409600,1
7533,640,640,1.0,409600,2
7534,640,640,1.0,409600,2
7535,640,640,1.0,409600,5
7536,640,640,1.0,409600,2
7537,640,640,1.0,409600,3
7538,640,640,1.0,409600,4
7539,640,640,1.0,409600,1
7540,640,640,1.0,409600,4
7541,640,640,1.0,409600,1
7542,640,640,1.0,409600,2
7543,640,640,1.0,409600,3
7544,640,640,1.0,409600,1
7545,640,640,1.0,409600,3
7546,640,640,1.0,409600,7
7547,640,640,1.0,409600,2
7548,640,640,1.0,409600,3
7549,640,640,1.0,409600,1
7550,640,640,1.0,409600,1
7551,640,640,1.0,409600,1
7552,640,640,1.0,409600,1
7553,640,640,1.0,409600,4
7554,640,640,1.0,409600,1
7555,640,640,1.0,409600,1
7556,640,640,1.0,409600,4
7557,640,640,1.0,409600,1
7558,640,640,1.0,409600,1
7559,640,640,1.0,409600,1
7560,640,640,1.0,409600,1
7561,640,640,1.0,409600,1
7562,640,640,1.0,409600,1
7563,640,640,1.0,409600,1
7564,640,640,1.0,409600,1
7565,640,640,1.0,409600,1
7566,640,640,1.0,409600,3
7567,640,640,1.0,409600,5
7568,640,640,1.0,409600,1
7569,640,640,1.0,409600,1
7570,640,640,1.0,409600,1
7571,640,640,1.0,409600,2
7572,640,640,1.0,409600,1
7573,640,640,1.0,409600,1
7574,640,640,1.0,409600,1
7575,640,640,1.0,409600,1
7576,640,640,1.0,409600,1
7577,640,640,1.0,409600,2
7578,640,640,1.0,409600,3
7579,640,640,1.0,409600,5
7580,640,640,1.0,409600,3
7581,640,640,1.0,409600,1
7582,640,640,1.0,409600,4
7583,640,640,1.0,409600,1
7584,640,640,1.0,409600,1
7585,640,640,1.0,409600,1
7586,640,640,1.0,409600,1
7587,640,640,1.0,409600,1
7588,640,640,1.0,409600,4
7589,640,640,1.0,409600,2
7590,640,640,1.0,409600,4
7591,640,640,1.0,409600,1
7592,640,640,1.0,409600,1
7593,640,640,1.0,409600,3
7594,640,640,1.0,409600,1
7595,640,640,1.0,409600,1
7596,640,640,1.0,409600,1
7597,640,640,1.0,409600,1
7598,640,640,1.0,409600,1
7599,640,640,1.0,409600,2
7600,640,640,1.0,409600,3
7601,640,640,1.0,409600,2
7602,640,640,1.0,409600,3
7603,640,640,1.0,409600,1
7604,640,640,1.0,409600,1
7605,640,640,1.0,409600,1
7606,640,640,1.0,409600,2
7607,640,640,1.0,409600,1
7608,640,640,1.0,409600,1
7609,640,640,1.0,409600,7
7610,640,640,1.0,409600,3
7611,640,640,1.0,409600,1
7612,640,640,1.0,409600,1
7613,640,640,1.0,409600,2
7614,640,640,1.0,409600,1
7615,640,640,1.0,409600,4
7616,640,640,1.0,409600,1
7617,640,640,1.0,409600,2
7618,640,640,1.0,409600,8
7619,640,640,1.0,409600,2
7620,640,640,1.0,409600,8
7621,640,640,1.0,409600,1
7622,640,640,1.0,409600,1
7623,640,640,1.0,409600,1
7624,640,640,1.0,409600,1
7625,640,640,1.0,409600,1
7626,640,640,1.0,409600,7
7627,640,640,1.0,409600,2
7628,640,640,1.0,409600,2
7629,640,640,1.0,409600,3
7630,640,640,1.0,409600,1
7631,640,640,1.0,409600,4
7632,640,640,1.0,409600,2
7633,640,640,1.0,409600,1
7634,640,640,1.0,409600,1
7635,640,640,1.0,409600,2
7636,640,640,1.0,409600,2
7637,640,640,1.0,409600,3
7638,640,640,1.0,409600,1
7639,640,640,1.0,409600,1
7640,640,640,1.0,409600,3
7641,640,640,1.0,409600,4
7642,640,640,1.0,409600,1
7643,640,640,1.0,409600,4
7644,640,640,1.0,409600,1
7645,640,640,1.0,409600,2
7646,640,640,1.0,409600,4
7647,640,640,1.0,409600,1
7648,640,640,1.0,409600,2
7649,640,640,1.0,409600,1
7650,640,640,1.0,409600,1
7651,640,640,1.0,409600,1
7652,640,640,1.0,409600,1
7653,640,640,1.0,409600,1
7654,640,640,1.0,409600,1
7655,640,640,1.0,409600,2
7656,640,640,1.0,409600,2
7657,640,640,1.0,409600,4
7658,640,640,1.0,409600,1
7659,640,640,1.0,409600,3
7660,640,640,1.0,409600,2
7661,640,640,1.0,409600,1
7662,640,640,1.0,409600,1
7663,640,640,1.0,409600,1
7664,640,640,1.0,409600,1
7665,640,640,1.0,409600,1
7666,640,640,1.0,409600,1
7667,640,640,1.0,409600,1
7668,640,640,1.0,409600,2
7669,640,640,1.0,409600,1
7670,640,640,1.0,409600,1
7671,640,640,1.0,409600,1
7672,640,640,1.0,409600,1
7673,640,640,1.0,409600,1
7674,640,640,1.0,409600,1
7675,640,640,1.0,409600,1
7676,640,640,1.0,409600,1
7677,640,640,1.0,409600,2
7678,640,640,1.0,409600,1
7679,640,640,1.0,409600,1
7680,640,640,1.0,409600,1
7681,640,640,1.0,409600,1
7682,640,640,1.0,409600,1
7683,640,640,1.0,409600,2
7684,640,640,1.0,409600,1
7685,640,640,1.0,409600,3
7686,640,640,1.0,409600,2
7687,640,640,1.0,409600,1
7688,640,640,1.0,409600,1
7689,640,640,1.0,409600,1
7690,640,640,1.0,409600,1
7691,640,640,1.0,409600,2
7692,640,640,1.0,409600,1
7693,640,640,1.0,409600,1
7694,640,640,1.0,409600,1
7695,640,640,1.0,409600,3
7696,640,640,1.0,409600,2
7697,640,640,1.0,409600,1
7698,640,640,1.0,409600,1
7699,640,640,1.0,409600,1
7700,640,640,1.0,409600,3
7701,640,640,1.0,409600,1
7702,640,640,1.0,409600,3
7703,640,640,1.0,409600,1
7704,640,640,1.0,409600,1
7705,640,640,1.0,409600,1
7706,640,640,1.0,409600,1
7707,640,640,1.0,409600,1
7708,640,640,1.0,409600,1
7709,640,640,1.0,409600,2
7710,640,640,1.0,409600,1
7711,640,640,1.0,409600,1
7712,640,640,1.0,409600,2
7713,640,640,1.0,409600,1
7714,640,640,1.0,409600,1
7715,640,640,1.0,409600,1
7716,640,640,1.0,409600,10
7717,640,640,1.0,409600,3
7718,640,640,1.0,409600,8
7719,640,640,1.0,409600,3
7720,640,640,1.0,409600,1
7721,640,640,1.0,409600,1
7722,640,640,1.0,409600,2
7723,640,640,1.0,409600,3
7724,640,640,1.0,409600,3
7725,640,640,1.0,409600,2
7726,640,640,1.0,409600,2
7727,640,640,1.0,409600,1
7728,640,640,1.0,409600,1
7729,640,640,1.0,409600,1
7730,640,640,1.0,409600,2
7731,640,640,1.0,409600,1
7732,640,640,1.0,409600,1
7733,640,640,1.0,409600,2
7734,640,640,1.0,409600,1
7735,640,640,1.0,409600,1
7736,640,640,1.0,409600,1
7737,640,640,1.0,409600,3
7738,640,640,1.0,409600,1
7739,640,640,1.0,409600,1
7740,640,640,1.0,409600,4
7741,640,640,1.0,409600,6
7742,640,640,1.0,409600,1
7743,640,640,1.0,409600,1
7744,640,640,1.0,409600,1
7745,640,640,1.0,409600,1
7746,640,640,1.0,409600,1
7747,640,640,1.0,409600,2
7748,640,640,1.0,409600,1
7749,640,640,1.0,409600,1
7750,640,640,1.0,409600,6
7751,640,640,1.0,409600,1
7752,640,640,1.0,409600,1
7753,640,640,1.0,409600,4
7754,640,640,1.0,409600,1
7755,640,640,1.0,409600,2
7756,640,640,1.0,409600,2
7757,640,640,1.0,409600,1
7758,640,640,1.0,409600,3
7759,640,640,1.0,409600,1
7760,640,640,1.0,409600,4
7761,640,640,1.0,409600,1
7762,640,640,1.0,409600,1
7763,640,640,1.0,409600,2
7764,640,640,1.0,409600,1
7765,640,640,1.0,409600,4
7766,640,640,1.0,409600,9
7767,640,640,1.0,409600,1
7768,640,640,1.0,409600,2
7769,640,640,1.0,409600,1
7770,640,640,1.0,409600,2
7771,640,640,1.0,409600,4
7772,640,640,1.0,409600,1
7773,640,640,1.0,409600,1
7774,640,640,1.0,409600,1
7775,640,640,1.0,409600,1
7776,640,640,1.0,409600,2
7777,640,640,1.0,409600,2
7778,640,640,1.0,409600,1
7779,640,640,1.0,409600,2
7780,640,640,1.0,409600,2
7781,640,640,1.0,409600,4
7782,640,640,1.0,409600,1
7783,640,640,1.0,409600,1
7784,640,640,1.0,409600,1
7785,640,640,1.0,409600,1
7786,640,640,1.0,409600,5
7787,640,640,1.0,409600,1
7788,640,640,1.0,409600,1
7789,640,640,1.0,409600,1
7790,640,640,1.0,409600,1
7791,640,640,1.0,409600,1
7792,640,640,1.0,409600,3
7793,640,640,1.0,409600,1
7794,640,640,1.0,409600,2
7795,640,640,1.0,409600,1
7796,640,640,1.0,409600,1
7797,640,640,1.0,409600,1
7798,640,640,1.0,409600,1
7799,640,640,1.0,409600,1
7800,640,640,1.0,409600,1
7801,640,640,1.0,409600,8
7802,640,640,1.0,409600,3
7803,640,640,1.0,409600,3
7804,640,640,1.0,409600,3
7805,640,640,1.0,409600,1
7806,640,640,1.0,409600,1
7807,640,640,1.0,409600,1
7808,640,640,1.0,409600,1
7809,640,640,1.0,409600,1
7810,640,640,1.0,409600,1
7811,640,640,1.0,409600,2
7812,640,640,1.0,409600,1
7813,640,640,1.0,409600,1
7814,640,640,1.0,409600,1
7815,640,640,1.0,409600,1
7816,640,640,1.0,409600,3
7817,640,640,1.0,409600,1
7818,640,640,1.0,409600,1
7819,640,640,1.0,409600,2
7820,640,640,1.0,409600,1
7821,640,640,1.0,409600,2
7822,640,640,1.0,409600,1
7823,640,640,1.0,409600,5
7824,640,640,1.0,409600,2
7825,640,640,1.0,409600,2
7826,640,640,1.0,409600,1
7827,640,640,1.0,409600,1
7828,640,640,1.0,409600,1
7829,640,640,1.0,409600,2
7830,640,640,1.0,409600,8
7831,640,640,1.0,409600,3
7832,640,640,1.0,409600,3
7833,640,640,1.0,409600,1
7834,640,640,1.0,409600,1
7835,640,640,1.0,409600,1
7836,640,640,1.0,409600,1
7837,640,640,1.0,409600,1
7838,640,640,1.0,409600,1
7839,640,640,1.0,409600,1
7840,640,640,1.0,409600,2
7841,640,640,1.0,409600,1
7842,640,640,1.0,409600,1
7843,640,640,1.0,409600,9
7844,640,640,1.0,409600,1
7845,640,640,1.0,409600,3
7846,640,640,1.0,409600,3
7847,640,640,1.0,409600,1
7848,640,640,1.0,409600,11
7849,640,640,1.0,409600,3
7850,640,640,1.0,409600,1
7851,640,640,1.0,409600,3
7852,640,640,1.0,409600,4
7853,640,640,1.0,409600,1
7854,640,640,1.0,409600,2
7855,640,640,1.0,409600,1
7856,640,640,1.0,409600,1
7857,640,640,1.0,409600,1
7858,640,640,1.0,409600,1
7859,640,640,1.0,409600,2
7860,640,640,1.0,409600,1
7861,640,640,1.0,409600,4
7862,640,640,1.0,409600,1
7863,640,640,1.0,409600,1
7864,640,640,1.0,409600,2
7865,640,640,1.0,409600,1
7866,640,640,1.0,409600,3
7867,640,640,1.0,409600,2
7868,640,640,1.0,409600,1
7869,640,640,1.0,409600,2
7870,640,640,1.0,409600,2
7871,640,640,1.0,409600,1
7872,640,640,1.0,409600,1
7873,640,640,1.0,409600,1
7874,640,640,1.0,409600,1
7875,640,640,1.0,409600,1
7876,640,640,1.0,409600,3
7877,640,640,1.0,409600,3
7878,640,640,1.0,409600,1
7879,640,640,1.0,409600,1
7880,640,640,1.0,409600,1
7881,640,640,1.0,409600,1
7882,640,640,1.0,409600,2
7883,640,640,1.0,409600,1
7884,640,640,1.0,409600,2
7885,640,640,1.0,409600,1
7886,640,640,1.0,409600,1
7887,640,640,1.0,409600,1
7888,640,640,1.0,409600,4
7889,640,640,1.0,409600,1
7890,640,640,1.0,409600,2
7891,640,640,1.0,409600,1
7892,640,640,1.0,409600,2
7893,640,640,1.0,409600,1
7894,640,640,1.0,409600,1
7895,640,640,1.0,409600,2
7896,640,640,1.0,409600,4
7897,640,640,1.0,409600,1
7898,640,640,1.0,409600,1
7899,640,640,1.0,409600,5
7900,640,640,1.0,409600,2
7901,640,640,1.0,409600,2
7902,640,640,1.0,409600,3
7903,640,640,1.0,409600,1
7904,640,640,1.0,409600,1
7905,640,640,1.0,409600,1
7906,640,640,1.0,409600,2
7907,640,640,1.0,409600,2
7908,640,640,1.0,409600,1
7909,640,640,1.0,409600,1
7910,640,640,1.0,409600,7
7911,640,640,1.0,409600,6
7912,640,640,1.0,409600,1
7913,640,640,1.0,409600,2
7914,640,640,1.0,409600,1
7915,640,640,1.0,409600,1
7916,640,640,1.0,409600,1
7917,640,640,1.0,409600,6
7918,640,640,1.0,409600,1
7919,640,640,1.0,409600,4
7920,640,640,1.0,409600,1
7921,640,640,1.0,409600,1
7922,640,640,1.0,409600,1
7923,640,640,1.0,409600,2
7924,640,640,1.0,409600,2
7925,640,640,1.0,409600,1
7926,640,640,1.0,409600,2
7927,640,640,1.0,409600,2
7928,640,640,1.0,409600,1
7929,640,640,1.0,409600,4
7930,640,640,1.0,409600,1
7931,640,640,1.0,409600,1
7932,640,640,1.0,409600,1
7933,640,640,1.0,409600,2
7934,640,640,1.0,409600,3
7935,640,640,1.0,409600,3
7936,640,640,1.0,409600,4
7937,640,640,1.0,409600,1
7938,640,640,1.0,409600,1
7939,640,640,1.0,409600,1
7940,640,640,1.0,409600,1
7941,640,640,1.0,409600,1
7942,640,640,1.0,409600,1
7943,640,640,1.0,409600,2
7944,640,640,1.0,409600,5
7945,640,640,1.0,409600,1
7946,640,640,1.0,409600,6
7947,640,640,1.0,409600,1
7948,640,640,1.0,409600,1
7949,640,640,1.0,409600,1
7950,640,640,1.0,409600,5
7951,640,640,1.0,409600,1
7952,640,640,1.0,409600,2
7953,640,640,1.0,409600,4
7954,640,640,1.0,409600,1
7955,640,640,1.0,409600,2
7956,640,640,1.0,409600,1
7957,640,640,1.0,409600,1
7958,640,640,1.0,409600,3
7959,640,640,1.0,409600,2
7960,640,640,1.0,409600,1
7961,640,640,1.0,409600,1
7962,640,640,1.0,409600,2
7963,640,640,1.0,409600,2
7964,640,640,1.0,409600,2
7965,640,640,1.0,409600,1
7966,640,640,1.0,409600,1
7967,640,640,1.0,409600,2
7968,640,640,1.0,409600,1
7969,640,640,1.0,409600,1
7970,640,640,1.0,409600,1
7971,640,640,1.0,409600,1
7972,640,640,1.0,409600,4
7973,640,640,1.0,409600,1
7974,640,640,1.0,409600,2
7975,640,640,1.0,409600,1
7976,640,640,1.0,409600,2
7977,640,640,1.0,409600,2
7978,640,640,1.0,409600,1
7979,640,640,1.0,409600,1
7980,640,640,1.0,409600,1
7981,640,640,1.0,409600,3
7982,640,640,1.0,409600,2
7983,640,640,1.0,409600,1
7984,640,640,1.0,409600,3
7985,640,640,1.0,409600,2
7986,640,640,1.0,409600,3
7987,640,640,1.0,409600,3
7988,640,640,1.0,409600,1
7989,640,640,1.0,409600,1
7990,640,640,1.0,409600,1
7991,640,640,1.0,409600,5
7992,640,640,1.0,409600,1
7993,640,640,1.0,409600,1
7994,640,640,1.0,409600,1
7995,640,640,1.0,409600,1
7996,640,640,1.0,409600,4
7997,640,640,1.0,409600,2
7998,640,640,1.0,409600,1
7999,640,640,1.0,409600,1
8000,640,640,1.0,409600,1
8001,640,640,1.0,409600,1
8002,640,640,1.0,409600,1
8003,640,640,1.0,409600,1
8004,640,640,1.0,409600,1
8005,640,640,1.0,409600,1
8006,640,640,1.0,409600,1
8007,640,640,1.0,409600,1
8008,640,640,1.0,409600,1
8009,640,640,1.0,409600,1
8010,640,640,1.0,409600,6
8011,640,640,1.0,409600,1
8012,640,640,1.0,409600,1
8013,640,640,1.0,409600,1
8014,640,640,1.0,409600,1
8015,640,640,1.0,409600,6
8016,640,640,1.0,409600,1
8017,640,640,1.0,409600,3
8018,640,640,1.0,409600,4
8019,640,640,1.0,409600,1
8020,640,640,1.0,409600,3
8021,640,640,1.0,409600,2
8022,640,640,1.0,409600,1
8023,640,640,1.0,409600,1
8024,640,640,1.0,409600,2
8025,640,640,1.0,409600,4
8026,640,640,1.0,409600,2
8027,640,640,1.0,409600,1
8028,640,640,1.0,409600,2
8029,640,640,1.0,409600,2
8030,640,640,1.0,409600,3
8031,640,640,1.0,409600,1
8032,640,640,1.0,409600,1
8033,640,640,1.0,409600,1
8034,640,640,1.0,409600,3
8035,640,640,1.0,409600,5
8036,640,640,1.0,409600,1
8037,640,640,1.0,409600,3
8038,640,640,1.0,409600,1
8039,640,640,1.0,409600,1
8040,640,640,1.0,409600,1
8041,640,640,1.0,409600,2
8042,640,640,1.0,409600,8
8043,640,640,1.0,409600,1
8044,640,640,1.0,409600,1
8045,640,640,1.0,409600,2
8046,640,640,1.0,409600,2
8047,640,640,1.0,409600,2
8048,640,640,1.0,409600,1
8049,640,640,1.0,409600,1
8050,640,640,1.0,409600,2
8051,640,640,1.0,409600,5
8052,640,640,1.0,409600,1
8053,640,640,1.0,409600,2
8054,640,640,1.0,409600,2
8055,640,640,1.0,409600,1
8056,640,640,1.0,409600,1
8057,640,640,1.0,409600,2
8058,640,640,1.0,409600,3
8059,640,640,1.0,409600,4
8060,640,640,1.0,409600,1
8061,640,640,1.0,409600,1
8062,640,640,1.0,409600,1
8063,640,640,1.0,409600,2
8064,640,640,1.0,409600,2
8065,640,640,1.0,409600,1
8066,640,640,1.0,409600,1
8067,640,640,1.0,409600,1
8068,640,640,1.0,409600,2
8069,640,640,1.0,409600,4
8070,640,640,1.0,409600,3
8071,640,640,1.0,409600,2
8072,640,640,1.0,409600,1
8073,640,640,1.0,409600,1
8074,640,640,1.0,409600,4
8075,640,640,1.0,409600,2
8076,640,640,1.0,409600,3
8077,640,640,1.0,409600,1
8078,640,640,1.0,409600,6
8079,640,640,1.0,409600,1
8080,640,640,1.0,409600,2
8081,640,640,1.0,409600,1
8082,640,640,1.0,409600,2
8083,640,640,1.0,409600,4
8084,640,640,1.0,409600,1
8085,640,640,1.0,409600,3
8086,640,640,1.0,409600,1
8087,640,640,1.0,409600,1
8088,640,640,1.0,409600,1
8089,640,640,1.0,409600,3
8090,640,640,1.0,409600,1
8091,640,640,1.0,409600,1
8092,640,640,1.0,409600,2
8093,640,640,1.0,409600,4
8094,640,640,1.0,409600,1
8095,640,640,1.0,409600,1
8096,640,640,1.0,409600,2
8097,640,640,1.0,409600,2
8098,640,640,1.0,409600,1
8099,640,640,1.0,409600,1
8100,640,640,1.0,409600,1
8101,640,640,1.0,409600,4
8102,640,640,1.0,409600,7
8103,640,640,1.0,409600,1
8104,640,640,1.0,409600,1
8105,640,640,1.0,409600,1
8106,640,640,1.0,409600,2
8107,640,640,1.0,409600,1
8108,640,640,1.0,409600,2
8109,640,640,1.0,409600,3
8110,640,640,1.0,409600,1
8111,640,640,1.0,409600,2
8112,640,640,1.0,409600,1
8113,640,640,1.0,409600,1
8114,640,640,1.0,409600,1
8115,640,640,1.0,409600,2
8116,640,640,1.0,409600,1
8117,640,640,1.0,409600,1
8118,640,640,1.0,409600,1
8119,640,640,1.0,409600,2
8120,640,640,1.0,409600,3
8121,640,640,1.0,409600,2
8122,640,640,1.0,409600,1
8123,640,640,1.0,409600,1
8124,640,640,1.0,409600,2
8125,640,640,1.0,409600,2
8126,640,640,1.0,409600,1
8127,640,640,1.0,409600,1
8128,640,640,1.0,409600,1
8129,640,640,1.0,409600,1
8130,640,640,1.0,409600,1
8131,640,640,1.0,409600,3
8132,640,640,1.0,409600,1
8133,640,640,1.0,409600,2
8134,640,640,1.0,409600,3
8135,640,640,1.0,409600,1
8136,640,640,1.0,409600,1
8137,640,640,1.0,409600,2
8138,640,640,1.0,409600,1
8139,640,640,1.0,409600,4
8140,640,640,1.0,409600,2
8141,640,640,1.0,409600,1
8142,640,640,1.0,409600,5
8143,640,640,1.0,409600,1
8144,640,640,1.0,409600,1
8145,640,640,1.0,409600,2
8146,640,640,1.0,409600,3
8147,640,640,1.0,409600,1
8148,640,640,1.0,409600,1
8149,640,640,1.0,409600,1
8150,640,640,1.0,409600,3
8151,640,640,1.0,409600,1
8152,640,640,1.0,409600,1
8153,640,640,1.0,409600,1
8154,640,640,1.0,409600,2
8155,640,640,1.0,409600,2
8156,640,640,1.0,409600,2
8157,640,640,1.0,409600,1
8158,640,640,1.0,409600,1
8159,640,640,1.0,409600,5
8160,640,640,1.0,409600,1
8161,640,640,1.0,409600,1
8162,640,640,1.0,409600,2
8163,640,640,1.0,409600,2
8164,640,640,1.0,409600,1
8165,640,640,1.0,409600,1
8166,640,640,1.0,409600,1
8167,640,640,1.0,409600,1
8168,640,640,1.0,409600,1
8169,640,640,1.0,409600,1
8170,640,640,1.0,409600,1
8171,640,640,1.0,409600,2
8172,640,640,1.0,409600,1
8173,640,640,1.0,409600,1
8174,640,640,1.0,409600,1
8175,640,640,1.0,409600,1
8176,640,640,1.0,409600,1
8177,640,640,1.0,409600,4
8178,640,640,1.0,409600,1
8179,640,640,1.0,409600,2
8180,640,640,1.0,409600,2
8181,640,640,1.0,409600,4
8182,640,640,1.0,409600,1
8183,640,640,1.0,409600,4
8184,640,640,1.0,409600,2
8185,640,640,1.0,409600,1
8186,640,640,1.0,409600,3
8187,640,640,1.0,409600,1
8188,640,640,1.0,409600,1
8189,640,640,1.0,409600,1
8190,640,640,1.0,409600,2
8191,640,640,1.0,409600,4
8192,640,640,1.0,409600,1
8193,640,640,1.0,409600,1
8194,640,640,1.0,409600,2
8195,640,640,1.0,409600,1
8196,640,640,1.0,409600,1
8197,640,640,1.0,409600,3
8198,640,640,1.0,409600,2
8199,640,640,1.0,409600,1
8200,640,640,1.0,409600,2
8201,640,640,1.0,409600,1
8202,640,640,1.0,409600,3
8203,640,640,1.0,409600,4
8204,640,640,1.0,409600,1
8205,640,640,1.0,409600,2
8206,640,640,1.0,409600,1
8207,640,640,1.0,409600,1
8208,640,640,1.0,409600,1
8209,640,640,1.0,409600,1
8210,640,640,1.0,409600,1
8211,640,640,1.0,409600,1
8212,640,640,1.0,409600,1
8213,640,640,1.0,409600,1
8214,640,640,1.0,409600,2
8215,640,640,1.0,409600,2
8216,640,640,1.0,409600,3
8217,640,640,1.0,409600,1
8218,640,640,1.0,409600,1
8219,640,640,1.0,409600,2
8220,640,640,1.0,409600,1
8221,640,640,1.0,409600,4
8222,640,640,1.0,409600,10
8223,640,640,1.0,409600,2
8224,640,640,1.0,409600,1
8225,640,640,1.0,409600,1
8226,640,640,1.0,409600,1
8227,640,640,1.0,409600,1
8228,640,640,1.0,409600,3
8229,640,640,1.0,409600,4
8230,640,640,1.0,409600,3
8231,640,640,1.0,409600,1
8232,640,640,1.0,409600,1
8233,640,640,1.0,409600,1
8234,640,640,1.0,409600,4
8235,640,640,1.0,409600,3
8236,640,640,1.0,409600,1
8237,640,640,1.0,409600,2
8238,640,640,1.0,409600,1
8239,640,640,1.0,409600,1
8240,640,640,1.0,409600,3
8241,640,640,1.0,409600,1
8242,640,640,1.0,409600,1
8243,640,640,1.0,409600,1
8244,640,640,1.0,409600,1
8245,640,640,1.0,409600,1
8246,640,640,1.0,409600,1
8247,640,640,1.0,409600,1
8248,640,640,1.0,409600,1
8249,640,640,1.0,409600,1
8250,640,640,1.0,409600,1
8251,640,640,1.0,409600,1
8252,640,640,1.0,409600,3
8253,640,640,1.0,409600,4
8254,640,640,1.0,409600,2
8255,640,640,1.0,409600,1
8256,640,640,1.0,409600,1
8257,640,640,1.0,409600,1
8258,640,640,1.0,409600,1
8259,640,640,1.0,409600,1
8260,640,640,1.0,409600,1
8261,640,640,1.0,409600,1
8262,640,640,1.0,409600,1
8263,640,640,1.0,409600,1
8264,640,640,1.0,409600,1
8265,640,640,1.0,409600,4
8266,640,640,1.0,409600,2
8267,640,640,1.0,409600,1
8268,640,640,1.0,409600,1
8269,640,640,1.0,409600,1
8270,640,640,1.0,409600,1
8271,640,640,1.0,409600,1
8272,640,640,1.0,409600,3
8273,640,640,1.0,409600,8
8274,640,640,1.0,409600,1
8275,640,640,1.0,409600,1
8276,640,640,1.0,409600,1
8277,640,640,1.0,409600,1
8278,640,640,1.0,409600,4
8279,640,640,1.0,409600,3
8280,640,640,1.0,409600,1
8281,640,640,1.0,409600,4
8282,640,640,1.0,409600,3
8283,640,640,1.0,409600,1
8284,640,640,1.0,409600,1
8285,640,640,1.0,409600,6
8286,640,640,1.0,409600,3
8287,640,640,1.0,409600,1
8288,640,640,1.0,409600,1
8289,640,640,1.0,409600,2
8290,640,640,1.0,409600,1
8291,640,640,1.0,409600,1
8292,640,640,1.0,409600,1
8293,640,640,1.0,409600,2
8294,640,640,1.0,409600,1
8295,640,640,1.0,409600,1
8296,640,640,1.0,409600,2
8297,640,640,1.0,409600,1
8298,640,640,1.0,409600,2
8299,640,640,1.0,409600,1
8300,640,640,1.0,409600,1
8301,640,640,1.0,409600,4
8302,640,640,1.0,409600,1
8303,640,640,1.0,409600,1
8304,640,640,1.0,409600,3
8305,640,640,1.0,409600,4
8306,640,640,1.0,409600,1
8307,640,640,1.0,409600,1
8308,640,640,1.0,409600,4
8309,640,640,1.0,409600,2
8310,640,640,1.0,409600,1
8311,640,640,1.0,409600,5
8312,640,640,1.0,409600,1
8313,640,640,1.0,409600,1
8314,640,640,1.0,409600,1
8315,640,640,1.0,409600,1
8316,640,640,1.0,409600,1
8317,640,640,1.0,409600,2
8318,640,640,1.0,409600,1
8319,640,640,1.0,409600,1
8320,640,640,1.0,409600,2
8321,640,640,1.0,409600,1
8322,640,640,1.0,409600,1
8323,640,640,1.0,409600,1
8324,640,640,1.0,409600,3
8325,640,640,1.0,409600,1
8326,640,640,1.0,409600,1
8327,640,640,1.0,409600,1
8328,640,640,1.0,409600,2
8329,640,640,1.0,409600,2
8330,640,640,1.0,409600,1
8331,640,640,1.0,409600,2
8332,640,640,1.0,409600,1
8333,640,640,1.0,409600,2
8334,640,640,1.0,409600,1
8335,640,640,1.0,409600,2
8336,640,640,1.0,409600,9
8337,640,640,1.0,409600,4
8338,640,640,1.0,409600,4
8339,640,640,1.0,409600,1
8340,640,640,1.0,409600,1
8341,640,640,1.0,409600,1
8342,640,640,1.0,409600,2
8343,640,640,1.0,409600,2
8344,640,640,1.0,409600,1
8345,640,640,1.0,409600,1
8346,640,640,1.0,409600,2
8347,640,640,1.0,409600,1
8348,640,640,1.0,409600,4
8349,640,640,1.0,409600,3
8350,640,640,1.0,409600,2
8351,640,640,1.0,409600,1
8352,640,640,1.0,409600,2
8353,640,640,1.0,409600,1
8354,640,640,1.0,409600,1
8355,640,640,1.0,409600,1
8356,640,640,1.0,409600,1
8357,640,640,1.0,409600,1
8358,640,640,1.0,409600,1
8359,640,640,1.0,409600,1
8360,640,640,1.0,409600,1
8361,640,640,1.0,409600,1
8362,640,640,1.0,409600,1
8363,640,640,1.0,409600,2
8364,640,640,1.0,409600,1
8365,640,640,1.0,409600,1
8366,640,640,1.0,409600,5
8367,640,640,1.0,409600,1
8368,640,640,1.0,409600,6
8369,640,640,1.0,409600,2
8370,640,640,1.0,409600,1
8371,640,640,1.0,409600,1
8372,640,640,1.0,409600,1
8373,640,640,1.0,409600,1
8374,640,640,1.0,409600,1
8375,640,640,1.0,409600,2
8376,640,640,1.0,409600,2
8377,640,640,1.0,409600,4
8378,640,640,1.0,409600,1
8379,640,640,1.0,409600,2
8380,640,640,1.0,409600,1
8381,640,640,1.0,409600,1
8382,640,640,1.0,409600,1
8383,640,640,1.0,409600,3
8384,640,640,1.0,409600,2
8385,640,640,1.0,409600,2
8386,640,640,1.0,409600,1
8387,640,640,1.0,409600,4
8388,640,640,1.0,409600,2
8389,640,640,1.0,409600,4
8390,640,640,1.0,409600,4
8391,640,640,1.0,409600,2
8392,640,640,1.0,409600,1
8393,640,640,1.0,409600,1
8394,640,640,1.0,409600,1
8395,640,640,1.0,409600,2
8396,640,640,1.0,409600,1
8397,640,640,1.0,409600,1
8398,640,640,1.0,409600,3
8399,640,640,1.0,409600,2
8400,640,640,1.0,409600,4
8401,640,640,1.0,409600,1
8402,640,640,1.0,409600,2
8403,640,640,1.0,409600,1
8404,640,640,1.0,409600,1
8405,640,640,1.0,409600,1
8406,640,640,1.0,409600,1
8407,640,640,1.0,409600,1
8408,640,640,1.0,409600,2
8409,640,640,1.0,409600,1
8410,640,640,1.0,409600,2
8411,640,640,1.0,409600,2
8412,640,640,1.0,409600,2
8413,640,640,1.0,409600,1
8414,640,640,1.0,409600,1
8415,640,640,1.0,409600,1
8416,640,640,1.0,409600,1
8417,640,640,1.0,409600,1
8418,640,640,1.0,409600,2
8419,640,640,1.0,409600,1
8420,640,640,1.0,409600,1
8421,640,640,1.0,409600,2
8422,640,640,1.0,409600,1
8423,640,640,1.0,409600,2
8424,640,640,1.0,409600,1
8425,640,640,1.0,409600,1
8426,640,640,1.0,409600,1
8427,640,640,1.0,409600,1
8428,640,640,1.0,409600,6
8429,640,640,1.0,409600,4
8430,640,640,1.0,409600,3
8431,640,640,1.0,409600,2
8432,640,640,1.0,409600,2
8433,640,640,1.0,409600,1
8434,640,640,1.0,409600,2
8435,640,640,1.0,409600,2
8436,640,640,1.0,409600,1
8437,640,640,1.0,409600,4
8438,640,640,1.0,409600,4
8439,640,640,1.0,409600,5
8440,640,640,1.0,409600,10
8441,640,640,1.0,409600,1
8442,640,640,1.0,409600,2
8443,640,640,1.0,409600,6
8444,640,640,1.0,409600,2
8445,640,640,1.0,409600,4
8446,640,640,1.0,409600,2
8447,640,640,1.0,409600,1
8448,640,640,1.0,409600,1
8449,640,640,1.0,409600,1
8450,640,640,1.0,409600,4
8451,640,640,1.0,409600,2
8452,640,640,1.0,409600,1
8453,640,640,1.0,409600,1
8454,640,640,1.0,409600,3
8455,640,640,1.0,409600,1
8456,640,640,1.0,409600,2
8457,640,640,1.0,409600,1
8458,640,640,1.0,409600,7
8459,640,640,1.0,409600,1
8460,640,640,1.0,409600,1
8461,640,640,1.0,409600,1
8462,640,640,1.0,409600,1
8463,640,640,1.0,409600,1
8464,640,640,1.0,409600,2
8465,640,640,1.0,409600,2
8466,640,640,1.0,409600,1
8467,640,640,1.0,409600,5
8468,640,640,1.0,409600,1
8469,640,640,1.0,409600,1
8470,640,640,1.0,409600,4
8471,640,640,1.0,409600,1
8472,640,640,1.0,409600,1
8473,640,640,1.0,409600,1
8474,640,640,1.0,409600,1
8475,640,640,1.0,409600,1
8476,640,640,1.0,409600,1
8477,640,640,1.0,409600,1
8478,640,640,1.0,409600,1
8479,640,640,1.0,409600,1
8480,640,640,1.0,409600,1
8481,640,640,1.0,409600,1
8482,640,640,1.0,409600,1
8483,640,640,1.0,409600,1
8484,640,640,1.0,409600,2
8485,640,640,1.0,409600,1
8486,640,640,1.0,409600,1
8487,640,640,1.0,409600,1
8488,640,640,1.0,409600,1
8489,640,640,1.0,409600,2
8490,640,640,1.0,409600,1
8491,640,640,1.0,409600,1
8492,640,640,1.0,409600,1
8493,640,640,1.0,409600,1
8494,640,640,1.0,409600,4
8495,640,640,1.0,409600,2
8496,640,640,1.0,409600,1
8497,640,640,1.0,409600,1
8498,640,640,1.0,409600,1
8499,640,640,1.0,409600,1
8500,640,640,1.0,409600,1
8501,640,640,1.0,409600,3
8502,640,640,1.0,409600,2
8503,640,640,1.0,409600,5
8504,640,640,1.0,409600,1
8505,640,640,1.0,409600,1
8506,640,640,1.0,409600,4
8507,640,640,1.0,409600,1
8508,640,640,1.0,409600,4
8509,640,640,1.0,409600,5
8510,640,640,1.0,409600,2
8511,640,640,1.0,409600,1
8512,640,640,1.0,409600,3
8513,640,640,1.0,409600,1
8514,640,640,1.0,409600,1
8515,640,640,1.0,409600,1
8516,640,640,1.0,409600,1
8517,640,640,1.0,409600,2
8518,640,640,1.0,409600,1
8519,640,640,1.0,409600,2
8520,640,640,1.0,409600,1
8521,640,640,1.0,409600,2
8522,640,640,1.0,409600,2
8523,640,640,1.0,409600,9
8524,640,640,1.0,409600,1
8525,640,640,1.0,409600,2
8526,640,640,1.0,409600,1
8527,640,640,1.0,409600,1
8528,640,640,1.0,409600,7
8529,640,640,1.0,409600,1
8530,640,640,1.0,409600,2
8531,640,640,1.0,409600,1
8532,640,640,1.0,409600,1
8533,640,640,1.0,409600,2
8534,640,640,1.0,409600,5
8535,640,640,1.0,409600,2
8536,640,640,1.0,409600,1
8537,640,640,1.0,409600,1
8538,640,640,1.0,409600,1
8539,640,640,1.0,409600,3
8540,640,640,1.0,409600,1
8541,640,640,1.0,409600,1
8542,640,640,1.0,409600,9
8543,640,640,1.0,409600,2
8544,640,640,1.0,409600,2
8545,640,640,1.0,409600,1
8546,640,640,1.0,409600,2
8547,640,640,1.0,409600,1
8548,640,640,1.0,409600,1
8549,640,640,1.0,409600,2
8550,640,640,1.0,409600,8
8551,640,640,1.0,409600,1
8552,640,640,1.0,409600,2
8553,640,640,1.0,409600,1
8554,640,640,1.0,409600,1
8555,640,640,1.0,409600,3
8556,640,640,1.0,409600,1
8557,640,640,1.0,409600,6
8558,640,640,1.0,409600,1
8559,640,640,1.0,409600,3
8560,640,640,1.0,409600,1
8561,640,640,1.0,409600,2
8562,640,640,1.0,409600,4
8563,640,640,1.0,409600,8
8564,640,640,1.0,409600,5
8565,640,640,1.0,409600,3
8566,640,640,1.0,409600,1
8567,640,640,1.0,409600,5
8568,640,640,1.0,409600,2
8569,640,640,1.0,409600,1
8570,640,640,1.0,409600,1
8571,640,640,1.0,409600,3
8572,640,640,1.0,409600,1
8573,640,640,1.0,409600,3
8574,640,640,1.0,409600,1
8575,640,640,1.0,409600,1
8576,640,640,1.0,409600,3
8577,640,640,1.0,409600,2
8578,640,640,1.0,409600,1
8579,640,640,1.0,409600,2
8580,640,640,1.0,409600,1
8581,640,640,1.0,409600,1
8582,640,640,1.0,409600,1
8583,640,640,1.0,409600,1
8584,640,640,1.0,409600,2
8585,640,640,1.0,409600,2
8586,640,640,1.0,409600,3
8587,640,640,1.0,409600,3
8588,640,640,1.0,409600,11
8589,640,640,1.0,409600,1
8590,640,640,1.0,409600,3
8591,640,640,1.0,409600,3
8592,640,640,1.0,409600,4
8593,640,640,1.0,409600,2
8594,640,640,1.0,409600,3
8595,640,640,1.0,409600,2
8596,640,640,1.0,409600,4
8597,640,640,1.0,409600,1
8598,640,640,1.0,409600,1
8599,640,640,1.0,409600,1
8600,640,640,1.0,409600,3
8601,640,640,1.0,409600,2
8602,640,640,1.0,409600,1
8603,640,640,1.0,409600,2
8604,640,640,1.0,409600,1
8605,640,640,1.0,409600,1
8606,640,640,1.0,409600,1
8607,640,640,1.0,409600,1
8608,640,640,1.0,409600,1
8609,640,640,1.0,409600,1
8610,640,640,1.0,409600,1
8611,640,640,1.0,409600,1
8612,640,640,1.0,409600,3
8613,640,640,1.0,409600,1
8614,640,640,1.0,409600,1
8615,640,640,1.0,409600,1
8616,640,640,1.0,409600,2
8617,640,640,1.0,409600,1
8618,640,640,1.0,409600,7
8619,640,640,1.0,409600,1
8620,640,640,1.0,409600,1
8621,640,640,1.0,409600,1
8622,640,640,1.0,409600,1
8623,640,640,1.0,409600,2
8624,640,640,1.0,409600,1
8625,640,640,1.0,409600,3
8626,640,640,1.0,409600,3
8627,640,640,1.0,409600,1
8628,640,640,1.0,409600,2
8629,640,640,1.0,409600,1
8630,640,640,1.0,409600,3
8631,640,640,1.0,409600,1
8632,640,640,1.0,409600,1
8633,640,640,1.0,409600,2
8634,640,640,1.0,409600,11
8635,640,640,1.0,409600,5
8636,640,640,1.0,409600,1
8637,640,640,1.0,409600,1
8638,640,640,1.0,409600,1
8639,640,640,1.0,409600,5
8640,640,640,1.0,409600,4
8641,640,640,1.0,409600,2
8642,640,640,1.0,409600,1
8643,640,640,1.0,409600,6
8644,640,640,1.0,409600,1
8645,640,640,1.0,409600,3
8646,640,640,1.0,409600,1
8647,640,640,1.0,409600,5
8648,640,640,1.0,409600,1
8649,640,640,1.0,409600,7
8650,640,640,1.0,409600,1
8651,640,640,1.0,409600,5
8652,640,640,1.0,409600,2
8653,640,640,1.0,409600,4
8654,640,640,1.0,409600,2
8655,640,640,1.0,409600,11
8656,640,640,1.0,409600,1
8657,640,640,1.0,409600,1
8658,640,640,1.0,409600,1
8659,640,640,1.0,409600,1
8660,640,640,1.0,409600,1
8661,640,640,1.0,409600,1
8662,640,640,1.0,409600,1
8663,640,640,1.0,409600,1
8664,640,640,1.0,409600,4
8665,640,640,1.0,409600,2
8666,640,640,1.0,409600,3
8667,640,640,1.0,409600,1
8668,640,640,1.0,409600,1
8669,640,640,1.0,409600,1
8670,640,640,1.0,409600,1
8671,640,640,1.0,409600,2
8672,640,640,1.0,409600,2
8673,640,640,1.0,409600,8
8674,640,640,1.0,409600,1
8675,640,640,1.0,409600,5
8676,640,640,1.0,409600,1
8677,640,640,1.0,409600,1
8678,640,640,1.0,409600,1
8679,640,640,1.0,409600,2
8680,640,640,1.0,409600,1
8681,640,640,1.0,409600,1
8682,640,640,1.0,409600,2
8683,640,640,1.0,409600,1
8684,640,640,1.0,409600,1
8685,640,640,1.0,409600,3
8686,640,640,1.0,409600,3
8687,640,640,1.0,409600,3
8688,640,640,1.0,409600,1
8689,640,640,1.0,409600,1
8690,640,640,1.0,409600,1
8691,640,640,1.0,409600,1
8692,640,640,1.0,409600,1
8693,640,640,1.0,409600,2
8694,640,640,1.0,409600,2
8695,640,640,1.0,409600,3
8696,640,640,1.0,409600,5
8697,640,640,1.0,409600,1
8698,640,640,1.0,409600,1
8699,640,640,1.0,409600,6
8700,640,640,1.0,409600,2
8701,640,640,1.0,409600,1
8702,640,640,1.0,409600,1
8703,640,640,1.0,409600,3
8704,640,640,1.0,409600,1
8705,640,640,1.0,409600,1
8706,640,640,1.0,409600,4
8707,640,640,1.0,409600,1
8708,640,640,1.0,409600,1
8709,640,640,1.0,409600,1
8710,640,640,1.0,409600,2
8711,640,640,1.0,409600,2
8712,640,640,1.0,409600,1
8713,640,640,1.0,409600,1
8714,640,640,1.0,409600,1
8715,640,640,1.0,409600,1
8716,640,640,1.0,409600,1
8717,640,640,1.0,409600,1
8718,640,640,1.0,409600,1
8719,640,640,1.0,409600,1
8720,640,640,1.0,409600,1
8721,640,640,1.0,409600,2
8722,640,640,1.0,409600,1
8723,640,640,1.0,409600,1
8724,640,640,1.0,409600,7
8725,640,640,1.0,409600,1
8726,640,640,1.0,409600,1
8727,640,640,1.0,409600,1
8728,640,640,1.0,409600,1
8729,640,640,1.0,409600,2
8730,640,640,1.0,409600,1
8731,640,640,1.0,409600,3
8732,640,640,1.0,409600,1
8733,640,640,1.0,409600,1
8734,640,640,1.0,409600,1
8735,640,640,1.0,409600,3
8736,640,640,1.0,409600,1
8737,640,640,1.0,409600,1
8738,640,640,1.0,409600,2
8739,640,640,1.0,409600,1
8740,640,640,1.0,409600,2
8741,640,640,1.0,409600,6
8742,640,640,1.0,409600,1
8743,640,640,1.0,409600,1
8744,640,640,1.0,409600,1
8745,640,640,1.0,409600,7
8746,640,640,1.0,409600,1
8747,640,640,1.0,409600,3
8748,640,640,1.0,409600,2
8749,640,640,1.0,409600,7
8750,640,640,1.0,409600,3
8751,640,640,1.0,409600,1
8752,640,640,1.0,409600,1
8753,640,640,1.0,409600,1
8754,640,640,1.0,409600,1
8755,640,640,1.0,409600,2
8756,640,640,1.0,409600,1
8757,640,640,1.0,409600,3
8758,640,640,1.0,409600,1
8759,640,640,1.0,409600,11
8760,640,640,1.0,409600,1
8761,640,640,1.0,409600,1
8762,640,640,1.0,409600,1
8763,640,640,1.0,409600,1
8764,640,640,1.0,409600,1
8765,640,640,1.0,409600,5
8766,640,640,1.0,409600,2
8767,640,640,1.0,409600,2
8768,640,640,1.0,409600,4
8769,640,640,1.0,409600,1
8770,640,640,1.0,409600,2
8771,640,640,1.0,409600,2
8772,640,640,1.0,409600,1
8773,640,640,1.0,409600,1
8774,640,640,1.0,409600,1
8775,640,640,1.0,409600,1
8776,640,640,1.0,409600,1
8777,640,640,1.0,409600,1
8778,640,640,1.0,409600,3
8779,640,640,1.0,409600,1
8780,640,640,1.0,409600,1
8781,640,640,1.0,409600,1
8782,640,640,1.0,409600,5
8783,640,640,1.0,409600,1
8784,640,640,1.0,409600,1
8785,640,640,1.0,409600,20
8786,640,640,1.0,409600,3
8787,640,640,1.0,409600,5
8788,640,640,1.0,409600,1
8789,640,640,1.0,409600,1
8790,640,640,1.0,409600,1
8791,640,640,1.0,409600,2
8792,640,640,1.0,409600,2
8793,640,640,1.0,409600,1
8794,640,640,1.0,409600,1
8795,640,640,1.0,409600,4
8796,640,640,1.0,409600,2
8797,640,640,1.0,409600,1
8798,640,640,1.0,409600,1
8799,640,640,1.0,409600,2
8800,640,640,1.0,409600,2
8801,640,640,1.0,409600,5
8802,640,640,1.0,409600,1
8803,640,640,1.0,409600,1
8804,640,640,1.0,409600,2
8805,640,640,1.0,409600,1
8806,640,640,1.0,409600,1
8807,640,640,1.0,409600,1
8808,640,640,1.0,409600,1
8809,640,640,1.0,409600,1
8810,640,640,1.0,409600,1
8811,640,640,1.0,409600,1
8812,640,640,1.0,409600,5
8813,640,640,1.0,409600,1
8814,640,640,1.0,409600,6
8815,640,640,1.0,409600,1
8816,640,640,1.0,409600,3
8817,640,640,1.0,409600,1
8818,640,640,1.0,409600,4
8819,640,640,1.0,409600,1
8820,640,640,1.0,409600,1
8821,640,640,1.0,409600,1
8822,640,640,1.0,409600,1
8823,640,640,1.0,409600,3
8824,640,640,1.0,409600,2
8825,640,640,1.0,409600,5
8826,640,640,1.0,409600,1
8827,640,640,1.0,409600,1
8828,640,640,1.0,409600,1
8829,640,640,1.0,409600,1
8830,640,640,1.0,409600,3
8831,640,640,1.0,409600,1
8832,640,640,1.0,409600,1
8833,640,640,1.0,409600,1
8834,640,640,1.0,409600,1
8835,640,640,1.0,409600,2
8836,640,640,1.0,409600,1
8837,640,640,1.0,409600,3
8838,640,640,1.0,409600,1
8839,640,640,1.0,409600,1
8840,640,640,1.0,409600,1
8841,640,640,1.0,409600,2
8842,640,640,1.0,409600,1
8843,640,640,1.0,409600,2
8844,640,640,1.0,409600,1
8845,640,640,1.0,409600,1
8846,640,640,1.0,409600,1
8847,640,640,1.0,409600,2
8848,640,640,1.0,409600,3
8849,640,640,1.0,409600,1
8850,640,640,1.0,409600,1
8851,640,640,1.0,409600,1
8852,640,640,1.0,409600,1
8853,640,640,1.0,409600,1
8854,640,640,1.0,409600,1
8855,640,640,1.0,409600,1
8856,640,640,1.0,409600,1
8857,640,640,1.0,409600,1
8858,640,640,1.0,409600,2
8859,640,640,1.0,409600,1
8860,640,640,1.0,409600,2
8861,640,640,1.0,409600,5
8862,640,640,1.0,409600,1
8863,640,640,1.0,409600,1
8864,640,640,1.0,409600,3
8865,640,640,1.0,409600,2
8866,640,640,1.0,409600,1
8867,640,640,1.0,409600,2
8868,640,640,1.0,409600,4
8869,640,640,1.0,409600,1
8870,640,640,1.0,409600,1
8871,640,640,1.0,409600,3
8872,640,640,1.0,409600,5
8873,640,640,1.0,409600,1
8874,640,640,1.0,409600,1
8875,640,640,1.0,409600,1
8876,640,640,1.0,409600,1
8877,640,640,1.0,409600,1
8878,640,640,1.0,409600,1
8879,640,640,1.0,409600,1
8880,640,640,1.0,409600,3
8881,640,640,1.0,409600,3
8882,640,640,1.0,409600,1
8883,640,640,1.0,409600,1
8884,640,640,1.0,409600,3
8885,640,640,1.0,409600,2
8886,640,640,1.0,409600,2
8887,640,640,1.0,409600,1
8888,640,640,1.0,409600,3
8889,640,640,1.0,409600,1
8890,640,640,1.0,409600,2
8891,640,640,1.0,409600,1
8892,640,640,1.0,409600,1
8893,640,640,1.0,409600,7
8894,640,640,1.0,409600,8
8895,640,640,1.0,409600,1
8896,640,640,1.0,409600,1
8897,640,640,1.0,409600,6
8898,640,640,1.0,409600,1
8899,640,640,1.0,409600,1
8900,640,640,1.0,409600,1
8901,640,640,1.0,409600,3
8902,640,640,1.0,409600,1
8903,640,640,1.0,409600,2
8904,640,640,1.0,409600,1
8905,640,640,1.0,409600,1
8906,640,640,1.0,409600,3
8907,640,640,1.0,409600,1
8908,640,640,1.0,409600,1
8909,640,640,1.0,409600,1
8910,640,640,1.0,409600,2
8911,640,640,1.0,409600,1
8912,640,640,1.0,409600,2
8913,640,640,1.0,409600,2
8914,640,640,1.0,409600,1
8915,640,640,1.0,409600,1
8916,640,640,1.0,409600,1
8917,640,640,1.0,409600,4
8918,640,640,1.0,409600,1
8919,640,640,1.0,409600,1
8920,640,640,1.0,409600,4
8921,640,640,1.0,409600,1
8922,640,640,1.0,409600,2
8923,640,640,1.0,409600,3
8924,640,640,1.0,409600,1
8925,640,640,1.0,409600,1
8926,640,640,1.0,409600,2
8927,640,640,1.0,409600,1
8928,640,640,1.0,409600,4
8929,640,640,1.0,409600,2
8930,640,640,1.0,409600,4
8931,640,640,1.0,409600,1
8932,640,640,1.0,409600,2
8933,640,640,1.0,409600,1
8934,640,640,1.0,409600,1
8935,640,640,1.0,409600,1
8936,640,640,1.0,409600,2
8937,640,640,1.0,409600,1
8938,640,640,1.0,409600,1
8939,640,640,1.0,409600,1
8940,640,640,1.0,409600,2
8941,640,640,1.0,409600,1
8942,640,640,1.0,409600,4
8943,640,640,1.0,409600,1
8944,640,640,1.0,409600,1
8945,640,640,1.0,409600,1
8946,640,640,1.0,409600,2
8947,640,640,1.0,409600,2
8948,640,640,1.0,409600,1
8949,640,640,1.0,409600,1
8950,640,640,1.0,409600,1
8951,640,640,1.0,409600,1
8952,640,640,1.0,409600,5
8953,640,640,1.0,409600,1
8954,640,640,1.0,409600,2
8955,640,640,1.0,409600,3
8956,640,640,1.0,409600,1
8957,640,640,1.0,409600,1
8958,640,640,1.0,409600,1
8959,640,640,1.0,409600,4
8960,640,640,1.0,409600,1
8961,640,640,1.0,409600,8
8962,640,640,1.0,409600,1
8963,640,640,1.0,409600,1
8964,640,640,1.0,409600,6
8965,640,640,1.0,409600,2
8966,640,640,1.0,409600,2
8967,640,640,1.0,409600,1
8968,640,640,1.0,409600,2
8969,640,640,1.0,409600,1
8970,640,640,1.0,409600,1
8971,640,640,1.0,409600,1
8972,640,640,1.0,409600,3
8973,640,640,1.0,409600,1
8974,640,640,1.0,409600,2
8975,640,640,1.0,409600,3
8976,640,640,1.0,409600,3
8977,640,640,1.0,409600,2
8978,640,640,1.0,409600,3
8979,640,640,1.0,409600,2
8980,640,640,1.0,409600,1
8981,640,640,1.0,409600,1
8982,640,640,1.0,409600,1
8983,640,640,1.0,409600,2
8984,640,640,1.0,409600,1
8985,640,640,1.0,409600,1
8986,640,640,1.0,409600,2
8987,640,640,1.0,409600,1
8988,640,640,1.0,409600,1
8989,640,640,1.0,409600,7
8990,640,640,1.0,409600,1
8991,640,640,1.0,409600,9
8992,640,640,1.0,409600,1
8993,640,640,1.0,409600,2
8994,640,640,1.0,409600,1
8995,640,640,1.0,409600,1
8996,640,640,1.0,409600,1
8997,640,640,1.0,409600,1
8998,640,640,1.0,409600,2
8999,640,640,1.0,409600,1
9000,640,640,1.0,409600,6
9001,640,640,1.0,409600,6
9002,640,640,1.0,409600,1
9003,640,640,1.0,409600,3
9004,640,640,1.0,409600,1
9005,640,640,1.0,409600,1
9006,640,640,1.0,409600,2
9007,640,640,1.0,409600,1
9008,640,640,1.0,409600,1
9009,640,640,1.0,409600,1
9010,640,640,1.0,409600,1
9011,640,640,1.0,409600,2
9012,640,640,1.0,409600,2
9013,640,640,1.0,409600,2
9014,640,640,1.0,409600,1
9015,640,640,1.0,409600,4
9016,640,640,1.0,409600,2
9017,640,640,1.0,409600,2
9018,640,640,1.0,409600,1
9019,640,640,1.0,409600,1
9020,640,640,1.0,409600,1
9021,640,640,1.0,409600,1
9022,640,640,1.0,409600,1
9023,640,640,1.0,409600,1
9024,640,640,1.0,409600,4
9025,640,640,1.0,409600,1
9026,640,640,1.0,409600,1
9027,640,640,1.0,409600,2
9028,640,640,1.0,409600,2
9029,640,640,1.0,409600,2
9030,640,640,1.0,409600,2
9031,640,640,1.0,409600,5
9032,640,640,1.0,409600,3
9033,640,640,1.0,409600,1
9034,640,640,1.0,409600,1
9035,640,640,1.0,409600,1
9036,640,640,1.0,409600,2
9037,640,640,1.0,409600,2
9038,640,640,1.0,409600,1
9039,640,640,1.0,409600,1
9040,640,640,1.0,409600,3
9041,640,640,1.0,409600,1
9042,640,640,1.0,409600,2
9043,640,640,1.0,409600,1
9044,640,640,1.0,409600,1
9045,640,640,1.0,409600,2
9046,640,640,1.0,409600,2
9047,640,640,1.0,409600,9
9048,640,640,1.0,409600,3
9049,640,640,1.0,409600,1
9050,640,640,1.0,409600,2
9051,640,640,1.0,409600,1
9052,640,640,1.0,409600,3
9053,640,640,1.0,409600,2
9054,640,640,1.0,409600,7
9055,640,640,1.0,409600,8
9056,640,640,1.0,409600,1
9057,640,640,1.0,409600,1
9058,640,640,1.0,409600,1
9059,640,640,1.0,409600,1
9060,640,640,1.0,409600,1
9061,640,640,1.0,409600,1
9062,640,640,1.0,409600,1
9063,640,640,1.0,409600,1
9064,640,640,1.0,409600,2
9065,640,640,1.0,409600,1
9066,640,640,1.0,409600,3
9067,640,640,1.0,409600,1
9068,640,640,1.0,409600,5
9069,640,640,1.0,409600,1
9070,640,640,1.0,409600,2
9071,640,640,1.0,409600,1
9072,640,640,1.0,409600,1
9073,640,640,1.0,409600,1
9074,640,640,1.0,409600,1
9075,640,640,1.0,409600,1
9076,640,640,1.0,409600,1
9077,640,640,1.0,409600,1
9078,640,640,1.0,409600,3
9079,640,640,1.0,409600,2
9080,640,640,1.0,409600,2
9081,640,640,1.0,409600,3
9082,640,640,1.0,409600,1
9083,640,640,1.0,409600,1
9084,640,640,1.0,409600,1
9085,640,640,1.0,409600,1
9086,640,640,1.0,409600,13
